number,name,sequence,pre_site
0,sp|P0A901|,MRLLPLVAAATAAFLVVACSSPTPPRGVTVVNNFDAKRYLGTWYEIARFDHRFERGLEKVTATYSLRDDGGLNVINKGYNPDRGMWQQSEGKAYFTGAPTRAALKVSFFGPFYGGYNVIALDREYRHALVCGPDRDYLWILSRTPTISDEVKQEMLAVATREGFDVSKFIWVQQPGS,"[37, 59, 77, 92]"
1,sp|P09030|,MKFVSFNINGLRARPHQLEAIVEKHQPDVIGLQETKVHDDMFPLEEVAKLGYNVFYHGQKGHYGVALLTKETPIAVRRGFPGDDEEAQRRIIMAEIPSLLGNVTVINGYFPQGESRDHPIKFPAKAQFYQNLQNYLETELKRDNPVLIMGDMNISPTDLDIGIGEENRKRWLRTGKCSFLPEEREWMDRLMSWGLVDTFRHANPQTADRFSWFDYRSKGFDDNRGLRIDLLLASQPLAECCVETGIDYEIRSMEKPSDHAPVWATFRR,"[70, 121, 176, 218]"
2,sp|P06996|,MKVKVLSLLVPALLVAGAANAAEVYNKDGNKLDLYGKVDGLHYFSDNKDVDGDQTYMRLGFKGETQVTDQLTGYGQWEYQIQGNSAENENNSWTRVAFAGLKFQDVGSFDYGRNYGVVYDVTSWTDVLPEFGGDTYGSDNFMQQRGNGFATYRNTDFFGLVDGLNFAVQYQGKNGNPSGEGFTSGVTNNGRDALRQNGDGVGGSITYDYEGFGIGGAISSSKRTDAQNTAAYIGNGDRAETYTGGLKYDANNIYLAAQYTQTYNATRVGSLGWANKAQNFEAVAQYQFDFGLRPSLAYLQSKGKNLGRGYDDEDILKYVDVGATYYFNKNMSTYVDYKINLLDDNQFTRDAGINTDNIVALGLVYQF,"[27, 31, 37, 48, 62, 302]"
3,sp|P17854|,MSKLDLNALNELPKVDRILALAETNAELEKLDAEGRVAWALDNLPGEYVLSSSFGIQAAVSLHLVNQIRPDIPVILTDTGYLFPETYRFIDELTDKLKLNLKVYRATESAAWQEARYGKLWEQGVEGIEKYNDINKVEPMNRALKELNAQTWFAGLRREQSGSRANLPVLAIQRGVFKVLPIIDWDNRTIYQYLQKHGLKYHPLWDEGYLSVGDTHTTRKWEPGMAEEETRFFGLKRECGLHEG,"[102, 119, 136, 145, 196, 236]"
4,sp|P0AEI1|,MTKKLHIKTWGCQMNEYDSSKMADLLDATHGYQLTDVAEEADVLLLNTCSIREKAQEKVFHQLGRWKLLKEKNPDLIIGVGGCVASQEGEHIRQRAHYVDIIFGPQTLHRLPEMINSVRGDRSPVVDISFPEIEKFDRLPEPRAEGPTAFVSIMEGCNKYCTYCVVPYTRGEEVSRPSDDILFEIAQLAAQGVREVNLLGQNVNAWRGENYDGTTGSFADLLRLVAAIDGIDRIRFTTSHPIEFTDDIIEVYRDTPELVSFLHLPVQSGSDRILNLMGRTHTALEYKAIIRKLRAARPDIQISSDFIVGFPGETTEDFEKTMKLIADVNFDMSYSFIFSARPGTPAADMVDDVPEEEKKQRLYILQERINQQAMAWSRRMLGTTQRILVEGTSRKSIMELSGRTENNRVVNFEGTPDMIGKFVDVEITDVYPNSLRGKVVRTEDEMGLRVAETPESVIARTRKENDLGVGYYQP,"[58, 287, 463]"
5,sp|P0A884|,MKQYLELMQKVLDEGTQKNDRTGTGTLSIFGHQMRFNLQDGFPLVTTKRCHLRSIIHELLWFLQGDTNIAYLHENNVTIWDEWADENGDLGPVYGKQWRAWPTPDGRHIDQITTVLNQLKNDPDSRRIIVSAWNVGELDKMALAPCHAFFQFYVADGKLSCQLYQRSCDVFLGLPFNIASYALLVHMMAQQCDLEVGDFVWTGGDTHLYSNHMDQTHLQLSREPRPLPKLIIKRKPESIFDYRFEDFEIEGYDPHPGIKAPVAI,"[10, 18, 48, 120]"
6,sp|P0AFP6|,MKNTELEQLINEKLNSAAISDYAPNGLQVEGKETVQKIVTGVTASQALLDEAVRLGADAVIVHHGYFWKGESPVIRGMKRNRLKTLLANDINLYGWHLPLDAHPELGNNAQLAALLGITVMGEIEPLVPWGELTMPVPGLELASWIEARLGRKPLWCGDTGPEVVQRVAWCTGGGQSFIDSAARFGVDAFITGEVSEQTIHSAREQGLHFYAAGHHATERGGIRALSEWLNENTDLDVTFIDIPNPA,[69]
7,sp|P21362|,MNMKTIEDVFIHLLSDTYSAEKQLTRALAKLARATSNEKLSQAFHAHLEETHGQIERIDQVVESESNLKIKRMKCVAMEGLIEEANEVIESTEKNEVRDAALIAAAQKVEHYEIASYGTLATLAEQLGYRKAAKLLKETLEEEKATDIKLTDLAINNVNKKAENKA,"[69, 137, 160]"
8,sp|P23827|,MKTILPAVLFAAFATTSAWAAESVQPLEKIAPYPQAEKGMKRQVIQLTPQEDESTLKVELLIGQTLEVDCNLHRLGGKLENKTLEGWGYDYYVFDKVSSPVSTMMACPDGKKEKKFVTAYLGDAGMLRYNSKLPIVVYTPDNVDVKYRVWKAEEKIDNAVVR,"[38, 111, 115, 146, 151, 155]"
9,sp|P0CE49|,MFVIWSHRTGFIMSHQLTFADSEFSSKRRQTRKEIFLSRMEQILPWQNMVEVIEPFYPKAGNGRRPYPLETMLRIHCMQHWYNLSDGAMEDALYEIASMRLFARLSLDSALPDRTTIMNFRHLLEQHQLARQLFKTINRWLAEAGVMMTQGTLVDATIIEAPSSTKNKEQQRDPEMHQTKKGNQWHFGMKAHIGVDAKSGLTHSLVTTAANEHDLNQLGNLLHGEEQFVSADAGYQGAPQREELAEVDVDWLIAERPGKVRTLKQHPRKNKTAINIEYMKASIRARVEHPFRIIKRQFGFVKARYKGLLKNDNQLAMLFTLANLFRADQMIRQWERSH,"[135, 190, 280, 295, 302]"
10,sp|P0ADS9|,MMRKMLLAAALSVTAMTAHADYQCSVTPRDDVIVSPQTVQVKGENGNLVITPDGNVMYNGKQYSLNAAQREQAKDYQAELRSTLPWIDEGAKSRVEKARIALDKIIVQEMGESSKMRSRLTKLDAQLKEQMNRIIETRSDGLTFHYKAIDQVRAEGQQLVNQAMGGILQDSINEMGAKAVLKSGGNPLQNVLGSLGGLQSSIQTEWKKQEKDFQQFGKDVCSRVVTLEDSRKALVGNLK,"[74, 92, 122, 128, 147, 211, 218, 239]"
11,sp|P77804|,MNKSLVAVGVIVALGVVWTGGAWYTGKKIETHLEDMVAQANAQLKLTAPESNLEVSYQNYHRGVFSSQLQLLVKPIAGKENPWIKSGQSVIFNESVDHGPFPLAQLKKLNLIPSMASIQTTLVNNEVSKPLFDMAKGETPFEINSRIGYSGDSSSDISLKPLNYEQKDEKVAFSGGEFQLNADRDGKAISLSGEAQSGRIDAVNEYNQKVQLTFNNLKTDGSSTLASFGERVGNQKLSLEKMTISVEGKELALLEGMEISGKSDLVNDGKTINSQLDYSLNSLKVQNQDLGSGKLTLKVGQIDGEAWHQFSQQYNAQTQALLAQPEIANNPELYQEKVTEAFFSALPLMLKGDPVITIAPLSWKNSQGESALNLSLFLKDPATTKEAPQTLAQEVDRSVKSLDAKLTIPVDMATEFMTQVAKLEGYQEDQAKKLAKQQVEGASAMGQMFRLTTLQDNTITTSLQYANGQITLNGQKMSLEDFVGMFAMPALNVPAVPAIPQQ,"[79, 107, 136, 167, 187, 236, 294, 385, 400, 432]"
12,sp|P0A8V0|,MELIFLGTSAGVPTRTRNVTAILLNLQHPTQSGLWLFDCGEGTQHQLLHTAFNPGKLDKIFISHLHGDHLFGLPGLLCSRSMSGIIQPLTIYGPQGIREFVETALRISGSWTDYPLEIVEIGAGEILDDGLRKVTAYPLEHPLECYGYRIEEHDKPGALNAQALKAAGVPPGPLFQELKAGKTITLEDGRQINGADYLAAPVPGKALAIFGDTGPCDAALDLAKGVDVMVHEATLDITMEAKANSRGHSSTRQAATLAREAGVGKLIITHVSSRYDDKGCQHLLRECRSIFPATELANDFTVFNV,"[56, 179, 182, 265, 278]"
13,sp|P32662|,MNKFEDIRGVAFDLDGTLVDSAPGLAAAVDMALYALELPVAGEERVITWIGNGADVLMERALTWARQERATQRKTMGKPPVDDDIPAEEQVRILRKLFDRYYGEVAEEGTFLFPHVADTLGALQAKGLPLGLVTNKPTPFVAPLLEALDIAKYFSVVIGGDDVQNKKPHPDPLLLVAERMGIAPQQMLFVGDSRNDIQAAKAAGCPSVGLTYGYNYGEAIDLSQPDVIYQSINDLLPALGLPHSENQESKND,"[3, 78]"
14,sp|P0ABT2|,MSTAKLVKSKATNLLYTRNDVSDSEKKATVELLNRQVIQFIDLSLITKQAHWNMRGANFIAVHEMLDGFRTALIDHLDTMAERAVQLGGVALGTTQVINSKTPLKSYPLDIHNVQDHLKELADRYAIVANDVRKAIGEAKDDDTADILTAASRDLDKFLWFIESNIE,"[10, 26, 105, 119, 140]"
15,sp|P0ACM2|,MTVETQLNPTQPVNQQIYRILRRDIVHCLIAPGTPLSEKEVSVRFNVSRQPVREAFIKLAENGLIQIRPQRGSYVNKISMAQVRNGSFIRQAIECAVARRAASMITESQCYQLEQNLHQQRIAIERKQLDDFFELDDNFHQLLTQIADCQLAWDTIENLKATVDRVRYMSFDHVSPPEMLLRQHLDIFSALQKRDGDAVERAMTQHLQEISESVRQIRQENSDWFSEE,"[58, 77, 193]"
16,sp|P64612|,MQSVTPTSQYLKALNEGSHQPDDVQKEAVSRLEIIYQELINSTPPAPRTSGLMARVGKLWGKREDTKHTPVRGLYMWGGVGRGKTWLMDLFYQSLPGERKQRLHFHRFMLRVHEELTALQGQTDPLEIIADRFKAETDVLCFDEFFVSDITDAMLLGGLMKALFARGITLVATSNIPPDELYRNGLQRARFLPAIDAIKQHCDVMNVDAGVDYRLRTLTQAHLWLSPLHDETRAQMDKLWLALAGGKRENSPTLEINHRPLATMGVENQTLAVSFTTLCVDARSQHDYIALSRLFHTVMLFDVPVMTRLMESEARRFIALVDEFYERHVKLVVSAEVPLYEIYQGDRLKFEFQRCLSRLQEMQSEEYLKREHLAG,"[67, 238, 247, 349, 369]"
17,sp|P0A761|,MSLLAQLDQKIAANGGLIVSCQPVPDSPLDKPEIVAAMALAAEQAGAVAIRIEGVANLQATRAVVSVPIIGIVKRDLEDSPVRITAYIEDVDALAQAGADIIAIDGTDRPRPVPVETLLARIHHHGLLAMTDCSTPEDGLACQKLGAEIIGTTLSGYTTPETPEEPDLALVKTLSDAGCRVIAEGRYNTPAQAADAMRHGAWAVTVGSAITRLEHICQWYNTAMKKAVL,"[74, 225]"
18,sp|P0A9M8|,MSRIIMLIPTGTSVGLTSVSLGVIRAMERKGVRLSVFKPIAQPRTGGDAPDQTTTIVRANSSTTTAAEPLKMSYVEGLLSSNQKDVLMEEIVANYHANTKDAEVVLVEGLVPTRKHQFAQSLNYEIAKTLNAEIVFVMSQGTDTPEQLKERIELTRNSFGGAKNTNITGVIVNKLNAPVDEQGRTRPDLSEIFDDSSKAKVNNVDPAKLQESSPLPVLGAVPWSFDLIATRAIDMARHLNATIINEGDINTRRVKSVTFCARSIPHMLEHFRAGSLLVTSADRPDVLVAACLAAMNGVEIGALLLTGGYEMDARISKLCERAFATGLPVFMVNTNTWQTSLSLQSFNLEVPVDDHERIEKVQEYVANYINADWIESLTATSERSRRLSPPAFRYQLTELARKAGKRIVLPEGDEPRTVKAAAICAERGIATCVLLGNPAEINRVAASQGVELGAGIEIVDPEVVRESYVGRLVELRKNKGMTETVAREQLEDNVVLGTLMLEQDEVDGLVSGAVHTTANTIRPPLQLIKTAPGSSLVSSVFFMLLPEQVYVYGDCAINPDPTAEQLAEIAIQSADSAAAFGIEPRVAMLSYSTGTSGAGSDVEKVREATRLAQEKRPDLMIDGPLQYDAAVMADVAKSKAPNSPVAGRATVFIFPDLNTGNTTYKAVQRSADLISIGPMLQGMRKPVNDLSRGALVDDIVYTIALTAIQSAQQQ,"[38, 163, 255, 419, 479]"
19,sp|P0A9N4|,MSVIGRIHSFESCGTVDGPGIRFITFFQGCLMRCLYCHNRDTWDTHGGKEVTVEDLMKEVVTYRHFMNASGGGVTASGGEAILQAEFVRDWFRACKKEGIHTCLDTNGFVRRYDPVIDELLEVTDLVMLDLKQMNDEIHQNLVGVSNHRTLEFAKYLANKNVKVWIRYVVVPGWSDDDDSAHRLGEFTRDMGNVEKIELLPYHELGKHKWVAMGEEYKLDGVKPPKKETMERVKGILEQYGHKVMF,"[58, 155, 160, 196, 207, 209, 218, 223, 234]"
20,sp|P18196|,MSNTPIELKGSSFTLSVVHLHEAEPKVIHQALEDKIAQAPAFLKHAPVVLNVSALEDPVNWSAMHKAVSATGLRVIGVSGCKDAQLKAEIEKMGLPILTEGKEKAPRPAPTPQAPAQNTTPVTKTRLIDTPVRSGQRIYAPQCDLIVTSHVSAGAELIADGNIHVYGMMRGRALAGASGDRETQIFCTNLMAELVSIAGEYWLSDQIPAEFYGKAARLQLVENALTVQPLN,"[82, 87, 92, 102]"
21,sp|P0A8M6|,METTKPSFQDVLEFVRLFRRKNKLQREIQDVEKKIRDNQKRVLLLDNLSDYIKPGMSVEAIQGIIASMKGDYEDRVDDYIIKNAELSKERRDISKKLKAMGEMKNGEAK,"[33, 82, 88, 104]"
22,sp|P60757|,MTDNTRLRIAMQKSGRLSDDSRELLARCGIKINLHTQRLIAMAENMPIDILRVRDDDIPGLVMDGVVDLGIIGENVLEEELLNRRAQGEDPRYFTLRRLDFGGCRLSLATPVDEAWDGPLSLNGKRIATSYPHLLKRYLDQKGISFKSCLLNGSVEVAPRAGLADAICDLVSTGATLEANGLREVEVIYRSKACLIQRDGEMEESKQQLIDKLLTRIQGVIQARESKYIMMHAPTERLDEVIALLPGAERPTILPLAGDQQRVAMHMVSSETLFWETMEKLKALGASSILVLPIEKMME,"[13, 31, 125, 136, 142, 212, 227]"
23,sp|P0AGB0|,MPNITWCDLPEDVSLWPGLPLSLSGDEVMPLDYHAGRSGWLLYGRGLDKQRLTQYQSKLGAAMVIVAAWCVEDYQVIRLAGSLTARATRLAHEAQLDVAPLGKIPHLRTPGLLVMDMDSTAIQIECIDEIAKLAGTGEMVAEVTERAMRGELDFTASLRSRVATLKGADANILQQVRENLPLMPGLTQLVLKLETLGWKVAIASGGFTFFAEYLRDKLRLTAVVANELEIMDGKFTGNVIGDIVDAQYKAKTLTRLAQEYEIPLAQTVAIGDGANDLPMIKAAGLGIAYHAKPKVNEKAEVTIRHADLMGVFCILSGSLNQK,"[103, 166, 249, 292, 298]"
24,sp|P0A9P6|,MAEFETTFADLGLKAPILEALNDLGYEKPSPIQAECIPHLLNGRDVLGMAQTGSGKTAAFSLPLLQNLDPELKAPQILVLAPTRELAVQVAEAMTDFSKHMRGVNVVALYGGQRYDVQLRALRQGPQIVVGTPGRLLDHLKRGTLDLSKLSGLVLDEADEMLRMGFIEDVETIMAQIPEGHQTALFSATMPEAIRRITRRFMKEPQEVRIQSSVTTRPDISQSYWTVWGMRKNEALVRFLEAEDFDAAIIFVRTKNATLEVAEALERNGYNSAALNGDMNQALREQTLERLKDGRLDILIATDVAARGLDVERISLVVNYDIPMDSESYVHRIGRTGRAGRAGRALLFVENRERRLLRNIERTMKLTIPEVELPNAELLGKRRLEKFAAKVQQQLESSDLDQYRALLSKIQPTAEGEELDLETLAAALLKMAQGERTLIVPPDAPMRPKREFRDRDDRGPRDRNDRGPRGDREDRPRRERRDVGDMQLYRIEVGRDDGVEVRHIVGAIANEGDISSRYIGNIKLFASHSTIELPKGMPGEVLQHFTRTRILNKPMNMQLLGDAQPHTGGERRGGGRGFGGERREGGRNFSGERREGGRGDGRRFSGERREGRAPRRDDSTGRRRFGGDA,"[141, 203]"
25,sp|P0ABA4|,MSEFITVARPYAKAAFDFAVEHQSVERWQDMLAFAAEVTKNEQMAELLSGALAPETLAESFIAVCGEQLDENGQNLIRVMAENGRLNALPDVLEQFIHLRAVSEATAEVDVISAAALSEQQLAKISAAMEKRLSRKVKLNCKIDKSVMAGVIIRAGDMVIDGSVRGRLERLADVLQS,"[131, 145]"
26,sp|P0A9Q5|,MSWIERIKSNITPTRKASIPEGVWTKCDSCGQVLYRAELERNLEVCPKCDHHMRMTARNRLHSLLDEGSLVELGSELEPKDVLKFRDSKKYKDRLASAQKETGEKDALVVMKGTLYGMPVVAAAFEFAFMGGSMGSVVGARFVRAVEQALEDNCPLICFSASGGARMQEALMSLMQMAKTSAALAKMQERGLPYISVLTDPTMGGVSASFAMLGDLNIAEPKALIGFAGPRVIEQTVREKLPPGFQRSEFLIEKGAIDMIVRRPEMRLKLASILAKLMNLPAPNPEAPREGVVVPPVPDQEPEA,"[100, 105, 186, 240]"
27,sp|P0AEW6|,MKFPGKRKSKHYFPVNARDPLLQQFQPENETSAAWVVGIDQTLVDIEAKVDDEFIERYGLSAGHSLVIEDDVAEALYQELKQKNLITHQFAGGTIGNTMHNYSVLADDRSVLLGVMCSNIEIGSYAYRYLCNTSSRTDLNYLQGVDGPIGRCFTLIGESGERTFAISPGHMNQLRAESIPEDVIAGASALVLTSYLVRCKPGEPMPEATMKAIEYAKKYNVPVVLTLGTKFVIAENPQWWQQFLKDHVSILAMNEDEAEALTGESDPLLASDKALDWVDLVLCTAGPIGLYMAGFTEDEAKRKTQHPLLPGAIAEFNQYEFSRAMRHKDCQNPLRVYSHIAPYMGGPEKIMNTNGAGDGALAALLHDITANSYHRSNVPNSSKHKFTWLTYSSLAQVCKYANRVSYQVLNQHSPRLTRGLPEREDSLEESYWDR,"[211, 217]"
28,sp|P0AEB2|,MNTIFSARIMKRLALTTALCTAFISAAHADDLNIKTMIPGVPQIDAESYILIDYNSGKVLAEQNADVRRDPASLTKMMTSYVIGQAMKAGKFKETDLVTIGNDAWATGNPVFKGSSLMFLKPGMQVPVSQLIRGINLQSGNDACVAMADFAAGSQDAFVGLMNSYVNALGLKNTHFQTVHGLDADGQYSSARDMALIGQALIRDVPNEYSIYKEKEFTFNGIRQLNRNGLLWDNSLNVDGIKTGHTDKAGYNLVASATEGQMRLISAVMGGRTFKGREAESKKLLTWGFRFFETVNPLKVGKEFASEPVWFGDSDRASLGVDKDVYLTIPRGRMKDLKASYVLNSSELHAPLQKNQVVGTINFQLDGKTIEQRPLVVLQEIPEGNFFGKIIDYIKLMFHHWFG,"[88, 213, 215, 282, 323]"
29,sp|P0A9S3|,MKSVVNDTDGIVRVAESVIPEIKHQDEVRVKIASSGLCGSDLPRIFKNGAHYYPITLGHEFSGYIDAVGSGVDDLHPGDAVACVPLLPCFTCPECLKGFYSQCAKYDFIGSRRDGGFAEYIVVKRKNVFALPTDMPIEDGAFIEPITVGLHAFHLAQGCENKNVIIIGAGTIGLLAIQCAVALGAKSVTAIDISSEKLALAKSFGAMQTFNSSEMSAPQMQSVLRELRFNQLILETAGVPQTVELAVEIAGPHAQLALVGTLHQDLHLTSATFGKILRKELTVIGSWMNYSSPWPGQEWETASRLLTERKLSLEPLIAHRGSFESFAQAVRDIARNAMPGKVLLIP,"[23, 124, 275, 310, 341]"
30,sp|P0AG82|,MKVMRTTVATVVAATLSMSAFSVFAEASLTGAGATFPAPVYAKWADTYQKETGNKVNYQGIGSSGGVKQIIANTVDFGASDAPLSDEKLAQEGLFQFPTVIGGVVLAVNIPGLKSGELVLDGKTLGDIYLGKIKKWDDEAIAKLNPGLKLPSQNIAVVRRADGSGTSFVFTSYLAKVNEEWKNNVGTGSTVKWPIGLGGKGNDGIAAFVQRLPGAIGYVEYAYAKQNNLAYTKLISADGKPVSPTEENFANAAKGADWSKTFAQDLTNQKGEDAWPITSTTFILIHKDQKKPEQGTEVLKFFDWAYKTGAKQANDLDYASLPDSVVEQVRAAWKTNIKDSSGKPLY,"[50, 132, 135, 149, 200, 233, 240, 254, 260, 307, 338, 343]"
31,sp|P0A9H7|,MSSSCIEEVSVPDDNWYRIANELLSRAGIAINGSAPADIRVKNPDFFKRVLQEGSLGLGESYMDGWWECDRLDMFFSKVLRAGLENQLPHHFKDTLRIAGARLFNLQSKKRAWIVGKEHYDLGNDLFSRMLDPFMQYSCAYWKDADNLESAQQAKLKMICEKLQLKPGMRVLDIGCGWGGLAHYMASNYDVSVVGVTISAEQQKMAQERCEGLDVTILLQDYRDLNDQFDRIVSVGMFEHVGPKNYDTYFAVVDRNLKPEGIFLLHTIGSKKTDLNVDPWINKYIFPNGCLPSVRQIAQSSEPHFVMEDWHNFGADYDTTLMAWYERFLAAWPEIADNYSERFKRMFTYYLNACAGAFRARDIQLWQVVFSRGVENGLRVAR,"[42, 48, 78, 93, 109, 117, 155, 162, 166, 258, 271]"
32,sp|P0ACD4|,MAYSEKVIDHYENPRNVGSFDNNDENVGSGMVGAPACGDVMKLQIKVNDEGIIEDARFKTYGCGSAIASSSLVTEWVKGKSLDEAQAIKNTDIAEELELPPVKIHCSILAEDAIKAAIADYKSKREAK,"[46, 122]"
33,sp|P04908|,MSGRGKQGGKARAKAKTRSSRAGLQFPVGRVHRLLRKGNYSERVGAGAPVYLAAVLEYLTAEILELAGNAARDNKKTRIIPRHLQLAIRNDEELNKLLGRVTIAQGGVLPNIQAVLLPKKTESHHKAKGK,"[37, 96]"
34,sp|Q14847|,MNPNCARCGKIVYPTEKVNCLDKFWHKACFHCETCKMTLNMKNYKGYEKKPYCNAHYPKQSFTMVADTPENLRLKQQSELQSQVRYKEEFEKNKGKGFSVVADTPELQRIKKTQDQISNIKYHEEFEKSRMGPSGGEGMEPERRDSQDGSSYRRPLEQQQPHHIPTSAPVYQQPQQQPVAQSYGGYKEPAAPVSIQRSAPGGGGKRYRAVYDYSAADEDEVSFQDGDTIVNVQQIDDGWMYGTVERTGDTGMLPANYVEAI,"[10, 42, 45, 87, 92, 96, 121, 205]"
35,sp|P62888|,MVAAKKTKKSLESINSRLQLVMKSGKYVLGYKQTLKMIRQGKAKLVILANNCPALRKSEIEYYAMLAKTGVHHYSGNNIELGTACGKYYRVCTLAIIDPGDSDIIRSMPEQTGEK,"[5, 23, 26, 32]"
36,sp|P09382|,MACGLVASNLNLKPGECLRVRGEVAPDAKSFVLNLGKDSNNLCLHFNPRFNAHGDANTIVCNSKDGGAWGTEQREAVFPFQPGSVAEVCITFDQANLTVKLPDGYEFKFPNRLNLEAINYMAADGDFKIKCVAFD,"[29, 37, 108]"
37,sp|P54136|,MDVLVSECSARLLQQEEEIKSLTAEIDRLKNCGCLGASPNLEQLQEENLKLKYRLNILRKSLQAERNKPTKNMINIISRLQEVFGHAIKAAYPDLENPPLLVTPSQQAKFGDYQCNSAMGISQMLKTKEQKVNPREIAENITKHLPDNECIEKVEIAGPGFINVHLRKDFVSEQLTSLLVNGVQLPALGENKKVIVDFSSPNIAKEMHVGHLRSTIIGESISRLFEFAGYDVLRLNHVGDWGTQFGMLIAHLQDKFPDYLTVSPPIGDLQVFYKESKKRFDTEEEFKKRAYQCVVLLQGKNPDITKAWKLICDVSRQELNKIYDALDVSLIERGESFYQDRMNDIVKEFEDRGFVQVDDGRKIVFVPGCSIPLTIVKSDGGYTYDTSDLAAIKQRLFEEKADMIIYVVDNGQSVHFQTIFAAAQMIGWYDPKVTRVFHAGFGVVLGEDKKKFKTRSGETVRLMDLLGEGLKRSMDKLKEKERDKVLTAEELNAAQTSVAYGCIKYADLSHNRLNDYIFSFDKMLDDRGNTAAYLLYAFTRIRSIARLANIDEEMLQKAARETKILLDHEKEWKLGRCILRFPEILQKILDDLFLHTLCDYIYELATAFTEFYDSCYCVEKDRQTGKILKVNMWRMLLCEAVAAVMAKGFDILGIKPVQRM,"[71, 205, 287, 306, 347, 449, 471, 557, 563, 570, 655]"
38,sp|P21291|,MPNWGGGKKCGVCQKTVYFAEEVQCEGNSFHKSCFLCMVCKKNLDSTTVAVHGEEIYCKSCYGKKYGPKGYGYGQGAGTLSTDKGESLGIKHEEAPGHRPTTNPNASKFAQKIGGSERCPRCSQAVYAAEKVIGAGKSWHKACFRCAKCGKGLESTTLADKDGEIYCKGCYAKNFGPKGFGFGQGAGALVHSE,"[64, 108, 151, 161, 168, 173]"
39,sp|P16401|,MSETAPAETATPAPVEKSPAKKKATKKAAGAGAAKRKATGPPVSELITKAVAASKERNGLSLAALKKALAAGGYDVEKNNSRIKLGLKSLVSKGTLVQTKGTGASGSFKLNKKAASGEAKPKAKKAGAAKAKKPAGATPKKAKKAAGAKKAVKKTPKKAKKPAAAGVKKVAKSPKKAKAAAKPKKATKSPAKPKAVKPKAAKPKAAKPKAAKPKAAKAKKAAAKKK,"[49, 55, 66, 78, 88, 93, 100, 109, 168]"
40,sp|Q9UNM6-2|,MKDVPGFLQQSQNSGPGQPAVWHRLEELYTKNFMKTLSVNLNTGKSLSSVFHFENECIDARRCSKAGGFYFRVNPLSLVEIILHVVRQMTDPNVALTFLEKTREKVKSSDEAVILCKTAIGALKLNIGDLQVTKETIEDVEEMLNNLPGVTSVHSRFYDLSSKYYQTIGNHASYYKDALRFLGCVDIKDLPVSEQQERAFTLGLAGLLGEGVFNFGELLMHPVLESLRNTDRQWLIDTLYAFNSGNVERFQTLKTAWGQQPDLAANEAQLLRKIQLLCLMEMTFTRPANHRQLTFEEIAKSAKITVNEVELLVMKALSVGLVKGSIDEVDKRVHMTWVQPRVLDLQQIKGMKDRLEFWCTDVKSMEMLVEHQAHDILT,"[31, 35, 65, 101, 176, 300, 331, 349]"
41,sp|P62306|,MSLPLNPKPFLNGLTGKPVMVKLKWGMEYKGYLVSVDGYMNMQLANTEEYIDGALSGHLGEVLIRCNNVLYIRGVEEEEEDGEMRE,"[17, 24]"
42,sp|P54920|,MDNSGKEAEAMALLAEAERKVKNSQSFFSGLFGGSSKIEEACEIYARAANMFKMAKNWSAAGNAFCQAAQLHLQLQSKHDAATCFVDAGNAFKKADPQEAINCLMRAIEIYTDMGRFTIAAKHHISIAEIYETELVDIEKAIAHYEQSADYYKGEESNSSANKCLLKVAGYAALLEQYQKAIDIYEQVGTNAMDSPLLKYSAKDYFFKAALCHFCIDMLNAKLAVQKYEELFPAFSDSRECKLMKKLLEAHEEQNVDSYTESVKEYDSISRLDQWLTTMLLRIKKTIQGDEEDLR,"[53, 93, 203]"
43,sp|P62701|,MARGPKKHLKRVAAPKHWMLDKLTGVFAPRPSTGPHKLRECLPLIIFLRNRLKYALTGDEVKKICMQRFIKIDGKVRTDITYPAGFMDVISIDKTGENFRLIYDTKGRFAVHRITPEEAKYKLCKVRKIFVGTKGIPHLVTHDARTIRYPDPLIKVNDTIQIDLETGKITDFIKFDTGNLCMVTGGANLGRIGVITNRERHPGSFDVVHVKDANGNSFATRLSNIFVIGKGNKPWISLPRGKGIRLTIAEERDKRLAAKQSSG,"[16, 22, 53, 62, 71, 106, 120, 128, 134, 211, 230, 233]"
44,sp|P84090|,MSHTILLVQPTKRPEGRTYADYESVNECMEGVCKMYEEHLKRMNPNSPSITYDISQLFDFIDDLADLSCLVYRADTQTYQPYNKDWIKEKIYVLLRRQAQQAGK,"[84, 88, 90, 104]"
45,sp|Q9UMS4|,MSLICSISNEVPEHPCVSPVSNHVYERRLIEKYIAENGTDPINNQPLSEEQLIDIKVAHPIRPKPPSATSIPAILKALQDEWDAVMLHSFTLRQQLQTTRQELSHALYQHDAACRVIARLTKEVTAAREALATLKPQAGLIVPQAVPSSQPSVVGAGEPMDLGELVGMTPEIIQKLQDKATVLTTERKKRGKTVPEELVKPEELSKYRQVASHVGLHSASIPGILALDLCPSDTNKILTGGADKNVVVFDKSSEQILATLKGHTKKVTSVVFHPSQDLVFSASPDATIRIWSVPNASCVQVVRAHESAVTGLSLHATGDYLLSSSDDQYWAFSDIQTGRVLTKVTDETSGCSLTCAQFHPDGLIFGTGTMDSQIKIWDLKERTNVANFPGHSGPITSIAFSENGYYLATAADDSSVKLWDLRKLKNFKTLQLDNNFEVKSLIFDQSGTYLALGGTDVQIYICKQWTEILHFTEHSGLTTGVAFGHHAKFIASTGMDRSLKFYSL,"[122, 192, 200, 206, 261, 380]"
46,sp|O00410-3|,MPEDQVGKLEATENTISAMAAAAAEQQQFYLLLGNLLSPDNVVRKQAEETYENIPGQSKITFLLQAIRNTTAAEEARQMAAVLLRRLLSSAFDEVYPALPSDVQTAIKSELLMIIQMETQSSMRKKVCDIAAELARNLIDEDGNNQWPEGLKFLFDSVSSQNVGLREAALHIFWNFPGIFGNQQQHYLDVIKRMLVQCMQDQEHPSIRTLSARATAAFILANEHNVALFKHFADLLPGFLQAVNDSCYQNDDSVLKSLVEIADTVPKYLRPHLEATLQLSLKLCGDTSLNNMQRQLALEVIVTLSETAAAMLRKHTNIVAQTIPQMLAMMVDLEEDEDWANADELEDDDFDSNAVAGESALDRMACGLGGKLVLPMIKEHIMQMLQNPDWKYRHAGLMALSAIGEGCHQQMEGILNEIVNFVLLFLQDPHPRVRYAACNAVGQMATDFAPGFQKKFHEKVIAALLQTMEDQGNQRVQAHAAAALINFTEDCPKSLLIPYLDNLVKHLHSIMVLKLQELIQKGTKLVLEQVVTSIASVADTAEEKFVPYYDLFMPSLKHIVENAVQKELRLLRGKTIECISLIGLAVGKEKFMQDASDVMQLLLKTQTDFNDMEDDDPQISYMISAWARMCKILGKEFQQYLPVVMGPLMKTASIKPEVALLDTQDMENMSDDDGWEFVNLGDQQSFGIKTAGLEEKSTACQMLVCYAKELKEGFVEYTEQVVKLMVPLLKFYFHDGVRVAAAESMPLLLECARVRGPEYLTQMWHFMCDALIKAIGTEPDSDVLSEIMHSFAKCIEVMGDGCLNNEHFEELGGILKAKLEEHFKNQELRQVKRQDEDYDEQVEESLQDEDDNDVYILTKVSDILHSIFSSYKEKVLPWFEQLLPLIVNLICPHRPWPDRQWGLCIFDDVIEHCSPASFKYAEYFLRPMLQYVCDNSPEVRQAAAYGLGVMAQYGGDNYRPFCTEALPLLVRVIQSADSKTKENVNATENCISAVGKIMKFKPDCVNVEEVLPHWLSWLPLHEDKEEAVQTFNYLCDLIESNHPIVLGPNNTNLPKIFSIIAEGEMHEAIKHEDPCAKRLANVVRQVQTSGGLWTECIAQLSPEQQAAIQELLNSA,"[391, 454, 521, 566, 824, 872, 1077]"
47,sp|P08865|,MSGALDVLQMKEEDVLKFLAAGTHLGGTNLDFQMEQYIYKRKSDGIYIINLKRTWEKLLLAARAIVAIENPADVSVISSRNTGQRAVLKFAAATGATPIAGRFTPGTFTNQIQAAFREPRLLVVTDPRADHQPLTEASYVNLPTIALCNTDSPLRYVDIAIPCNNKGAHSVGLMWWMLAREVLRMRGTISREHPWEVMPDLYFYRDPEEIEKEEQAAAEKAVTKEEFQGEWTAPAPEFTATQPEVADWSEGVQVPSVPIQQFPTEDWSAQPATEDWSAAPTAQATEWVGATTDWS,"[40, 52, 57, 89]"
48,sp|Q15691|,MAVNVYSTSVTSDNLSRHDMLAWINESLQLNLTKIEQLCSGAAYCQFMDMLFPGSIALKKVKFQAKLEHEYIQNFKILQAGFKRMGVDKIIPVDKLVKGKFQDNFEFVQWFKKFFDANYDGKDYDPVAARQGQETAVAPSLVAPALNKPKKPLTSSSAAPQRPISTQRTAAAPKAGPGVVRKNPGVGNGDDEAAELMQQVNVLKLTVEDLEKERDFYFGKLRNIELICQENEGENDPVLQRIVDILYATDEGFVIPDEGGPQEEQEEY,"[66, 83, 89, 95, 122, 174, 212, 220]"
49,sp|P40121|,MYTAIPQSGSPFPGSVQDPGLHVWRVEKLKPVPVAQENQGVFFSGDSYLVLHNGPEEVSHLHLWIGQQSSRDEQGACAVLAVHLNTLLGERPVQHREVQGNESDLFMSYFPRGLKYQEGGVESAFHKTSTGAPAAIKKLYQVKGKKNIRATERALNWDSFNTGDCFILDLGQNIFAWCGGKSNILERNKARDLALAIRDSERQGKAQVEIVTDGEEPAEMIQVLGPKPALKEGNPEEDLTADKANAQAAALYKVSDATGQMNLTKVADSSPFALELLISDDCFVLDNGLCGKIYIWKGRKANEKERQAALQVAEGFISRMQYAPNTQVEILPQGHESPIFKQFFKDWK,"[30, 115, 127, 137, 143, 231, 253, 297, 345, 348]"
50,sp|P13010|,MVRSGNKAAVVLCMDVGFTMSNSIPGIESPFEQAKKVITMFVQRQVFAENKDEIALVLFGTDGTDNPLSGGDQYQNITVHRHLMLPDFDLLEDIESKIQPGSQQADFLDALIVSMDVIQHETIGKKFEKRHIEIFTDLSSRFSKSQLDIIIHSLKKCDISLQFFLPFSLGKEDGSGDRGDGPFRLGGHGPSFPLKGITEQQKEGLEIVKMVMISLEGEDGLDEIYSFSESLRKLCVFKKIERHSIHWPCRLTIGSNLSIRIAAYKSILQERVKKTWTVVDAKTLKKEDIQKETVYCLNDDDETEVLKEDIIQGFRYGSDIVPFSKVDEEQMKYKSEGKCFSVLGFCKSSQVQRRFFMGNQVLKVFAARDDEAAAVALSSLIHALDDLDMVAIVRYAYDKRANPQVGVAFPHIKHNYECLVYVQLPFMEDLRQYMFSSLKNSKKYAPTEAQLNAVDALIDSMSLAKKDEKTDTLEDLFPTTKIPNPRFQRLFQCLLHRALHPREPLPPIQQHIWNMLNPPAEVTTKSQIPLSKIKTLFPLIEAKKKDQVTAQEIFQDNHEDGPTAKKLKTEQGGAHFSVSSLAEGSVTSVGSVNPAENFRVLVKQKKASFEEASNQLINHIEQFLDTNETPYFMKSIDCIRAFREEAIKFSEEQRFNNFLKALQEKVEIKQLNHFWEIVVQDGITLITKEEASGSSVTAEEAKKFLAPKDKPSGDTAAVFEEGGDVDDLLDMI,"[125, 155, 195, 238, 265, 282, 332, 363, 399, 439, 469, 534, 543, 565, 648, 660, 702, 708]"
51,sp|Q14247|,MWKASAGHAVSIAQDDAGADDWETDPDFVNDVSEKEQRWGAKTVQGSGHQEHINIHKLRENVFQEHQTLKEKELETGPKASHGYGGKFGVEQDRMDKSAVGHEYQSKLSKHCSQVDSVRGFGGKFGVQMDRVDQSAVGFEYQGKTEKHASQKDYSSGFGGKYGVQADRVDKSAVGFDYQGKTEKHESQRDYSKGFGGKYGIDKDKVDKSAVGFEYQGKTEKHESQKDYVKGFGGKFGVQTDRQDKCALGWDHQEKLQLHESQKDYKTGFGGKFGVQSERQDSAAVGFDYKEKLAKHESQQDYSKGFGGKYGVQKDRMDKNASTFEDVTQVSSAYQKTVPVEAVTSKTSNIRANFENLAKEKEQEDRRKAEAERAQRMAKERQEQEEARRKLEEQARAKTQTPPVSPAPQPTEERLPSSPVYEDAASFKAELSYRGPVSGTEPEPVYSMEAADYREASSQQGLAYATEAVYESAEAPGHYPAEDSTYDEYENDLGITAVALYDYQAAGDDEISFDPDDIITNIEMIDDGWWRGVCKGRYGLFPANYVELRQ,"[42, 70, 87, 107, 124, 144, 152, 161, 171, 181, 193, 198, 203, 208, 218, 226, 230, 235, 263, 266, 272, 290, 295, 304, 309, 314, 346, 359]"
52,sp|Q14204|,MSEPGGGGGEDGSAGLEVSAVQNVADVSVLQKHLRKLVPLLLEDGGEAPAALEAALEEKSALEQMRKFLSDPQVHTVLVERSTLKEDVGDEGEEEKEFISYNINIDIHYGVKSNSLAFIKRTPVIDADKPVSSQLRVLTLSEDSPYETLHSFISNAVAPFFKSYIRESGKADRDGDKMAPSVEKKIAELEMGLLHLQQNIEIPEISLPIHPMITNVAKQCYERGEKPKVTDFGDKVEDPTFLNQLQSGVNRWIREIQKVTKLDRDPASGTALQEISFWLNLERALYRIQEKRESPEVLLTLDILKHGKRFHATVSFDTDTGLKQALETVNDYNPLMKDFPLNDLLSATELDKIRQALVAIFTHLRKIRNTKYPIQRALRLVEAISRDLSSQLLKVLGTRKLMHVAYEEFEKVMVACFEVFQTWDDEYEKLQVLLRDIVKRKREENLKMVWRINPAHRKLQARLDQMRKFRRQHEQLRAVIVRVLRPQVTAVAQQNQGEVPEPQDMKVAEVLFDAADANAIEEVNLAYENVKEVDGLDVSKEGTEAWEAAMKRYDERIDRVETRITARLRDQLGTAKNANEMFRIFSRFNALFVRPHIRGAIREYQTQLIQRVKDDIESLHDKFKVQYPQSQACKMSHVRDLPPVSGSIIWAKQIDRQLTAYMKRVEDVLGKGWENHVEGQKLKQDGDSFRMKLNTQEIFDDWARKVQQRNLGVSGRIFTIESTRVRGRTGNVLKLKVNFLPEIITLSKEVRNLKWLGFRVPLAIVNKAHQANQLYPFAISLIESVRTYERTCEKVEERNTISLLVAGLKKEVQALIAEGIALVWESYKLDPYVQRLAETVFNFQEKVDDLLIIEEKIDLEVRSLETCMYDHKTFSEILNRVQKAVDDLNLHSYSNLPIWVNKLDMEIERILGVRLQAGLRAWTQVLLGQAEDKAEVDMDTDAPQVSHKPGGEPKIKNVVHELRITNQVIYLNPPIEECRYKLYQEMFAWKMVVLSLPRIQSQRYQVGVHYELTEEEKFYRNALTRMPDGPVALEESYSAVMGIVSEVEQYVKVWLQYQCLWDMQAENIYNRLGEDLNKWQALLVQIRKARGTFDNAETKKEFGPVVIDYGKVQSKVNLKYDSWHKEVLSKFGQMLGSNMTEFHSQISKSRQELEQHSVDTASTSDAVTFITYVQSLKRKIKQFEKQVELYRNGQRLLEKQRFQFPPSWLYIDNIEGEWGAFNDIMRRKDSAIQQQVANLQMKIVQEDRAVESRTTDLLTDWEKTKPVTGNLRPEEALQALTIYEGKFGRLKDDREKCAKAKEALELTDTGLLSGSEERVQVALEELQDLKGVWSELSKVWEQIDQMKEQPWVSVQPRKLRQNLDALLNQLKSFPARLRQYASYEFVQRLLKGYMKINMLVIELKSEALKDRHWKQLMKRLHVNWVVSELTLGQIWDVDLQKNEAIVKDVLLVAQGEMALEEFLKQIREVWNTYELDLVNYQNKCRLIRGWDDLFNKVKEHINSVSAMKLSPYYKVFEEDALSWEDKLNRIMALFDVWIDVQRRWVYLEGIFTGSADIKHLLPVETQRFQSISTEFLALMKKVSKSPLVMDVLNIQGVQRSLERLADLLGKIQKALGEYLERERSSFPRFYFVGDEDLLEIIGNSKNVAKLQKHFKKMFAGVSSIILNEDNSVVLGISSREGEEVMFKTPVSITEHPKINEWLTLVEKEMRVTLAKLLAESVTEVEIFGKATSIDPNTYITWIDKYQAQLVVLSAQIAWSENVETALSSMGGGGDAAPLHSVLSNVEVTLNVLADSVLMEQPPLRRRKLEHLITELVHQRDVTRSLIKSKIDNAKSFEWLSQMRFYFDPKQTDVLQQLSIQMANAKFNYGFEYLGVQDKLVQTPLTDRCYLTMTQALEARLGGSPFGPAGTGKTESVKALGHQLGRFVLVFNCDETFDFQAMGRIFVGLCQVGAWGCFDEFNRLEERMLSAVSQQVQCIQEALREHSNPNYDKTSAPITCELLNKQVKVSPDMAIFITMNPGYAGRSNLPDNLKKLFRSLAMTKPDRQLIAQVMLYSQGFRTAEVLANKIVPFFKLCDEQLSSQSHYDFGLRALKSVLVSAGNVKRERIQKIKREKEERGEAVDEGEIAENLPEQEILIQSVCETMVPKLVAEDIPLLFSLLSDVFPGVQYHRGEMTALREELKKVCQEMYLTYGDGEEVGGMWVEKVLQLYQITQINHGLMMVGPSGSGKSMAWRVLLKALERLEGVEGVAHIIDPKAISKDHLYGTLDPNTREWTDGLFTHVLRKIIDSVRGELQKRQWIVFDGDVDPEWVENLNSVLDDNKLLTLPNGERLSLPPNVRIMFEVQDLKYATLATVSRCGMVWFSEDVLSTDMIFNNFLARLRSIPLDEGEDEAQRRRKGKEDEGEEAASPMLQIQRDAATIMQPYFTSNGLVTKALEHAFQLEHIMDLTRLRCLGSLFSMLHQACRNVAQYNANHPDFPMQIEQLERYIQRYLVYAILWSLSGDSRLKMRAELGEYIRRITTVPLPTAPNIPIIDYEVSISGEWSPWQAKVPQIEVETHKVAAPDVVVPTLDTVRHEALLYTWLAEHKPLVLCGPPGSGKTMTLFSALRALPDMEVVGLNFSSATTPELLLKTFDHYCEYRRTPNGVVLAPVQLGKWLVLFCDEINLPDMDKYGTQRVISFIRQMVEHGGFYRTSDQTWVKLERIQFVGACNPPTDPGRKPLSHRFLRHVPVVYVDYPGPASLTQIYGTFNRAMLRLIPSLRTYAEPLTAAMVEFYTMSQERFTQDTQPHYIYSPREMTRWVRGIFEALRPLETLPVEGLIRIWAHEALRLFQDRLVEDEERRWTDENIDTVALKHFPNIDREKAMSRPILYSNWLSKDYIPVDQEELRDYVKARLKVFYEEELDVPLVLFNEVLDHVLRIDRIFRQPQGHLLLIGVSGAGKTTLSRFVAWMNGLSVYQIKVHRKYTGEDFDEDLRTVLRRSGCKNEKIAFIMDESNVLDSGFLERMNTLLANGEVPGLFEGDEYATLMTQCKEGAQKEGLMLDSHEELYKWFTSQVIRNLHVVFTMNPSSEGLKDRAATSPALFNRCVLNWFGDWSTEALYQVGKEFTSKMDLEKPNYIVPDYMPVVYDKLPQPPSHREAIVNSCVFVHQTLHQANARLAKRGGRTMAITPRHYLDFINHYANLFHEKRSELEEQQMHLNVGLRKIKETVDQVEELRRDLRIKSQELEVKNAAANDKLKKMVKDQQEAEKKKVMSQEIQEQLHKQQEVIADKQMSVKEDLDKVEPAVIEAQNAVKSIKKQHLVEVRSMANPPAAVKLALESICLLLGESTTDWKQIRSIIMRENFIPTIVNFSAEEISDAIREKMKKNYMSNPSYNYEIVNRASLACGPMVKWAIAQLNYADMLKRVEPLRNELQKLEDDAKDNQQKANEVEQMIRDLEASIARYKEEYAVLISEAQAIKADLAAVEAKVNRSTALLKSLSAERERWEKTSETFKNQMSTIAGDCLLSAAFIAYAGYFDQQMRQNLFTTWSHHLQQANIQFRTDIARTEYLSNADERLRWQASSLPADDLCTENAIMLKRFNRYPLIIDPSGQATEFIMNEYKDRKITRTSFLDDAFRKNLESALRFGNPLLVQDVESYDPVLNPVLNREVRRTGGRVLITLGDQDIDLSPSFVIFLSTRDPTVEFPPDLCSRVTFVNFTVTRSSLQSQCLNEVLKAERPDVDEKRSDLLKLQGEFQLRLRQLEKSLLQALNEVKGRILDDDTIITTLENLKREAAEVTRKVEETDIVMQEVETVSQQYLPLSTACSSIYFTMESLKQIHFLYQYSLQFFLDIYHNVLYENPNLKGVTDHTQRLSIITKDLFQVAFNRVARGMLHQDHITFAMLLARIKLKGTVGEPTYDAEFQHFLRGNEIVLSAGSTPRIQGLTVEQAEAVVRLSCLPAFKDLIAKVQADEQFGIWLDSSSPEQTVPYLWSEETPATPIGQAIHRLLLIQAFRPDRLLAMAHMFVSTNLGESFMSIMEQPLDLTHIVGTEVKPNTPVLMCSVPGYDASGHVEDLAAEQNTQITSIAIGSAEGFNQADKAINTAVKSGRWVMLKNVHLAPGWLMQLEKKLHSLQPHACFRLFLTMEINPKVPVNLLRAGRIFVFEPPPGVKANMLRTFSSIPVSRICKSPNERARLYFLLAWFHAIIQERLRYAPLGWSKKYEFGESDLRSACDTVDTWLDDTAKGRQNISPDKIPWSALKTLMAQSIYGGRVDNEFDQRLLNTFLERLFTTRSFDSEFKLACKVDGHKDIQMPDGIRREEFVQWVELLPDTQTPSWLGLPNNAERVLLTTQGVDMISKMLKMQMLEDEDDLAYAETEKKTRTDSTSDGRPAWMRTLHTTASNWLHLIPQTLSHLKRTVENIKDPLFRFFEREVKMGAKLLQDVRQDLADVVQVCEGKKKQTNYLRTLINELVKGILPRSWSHYTVPAGMTVIQWVSDFSERIKQLQNISLAAASGGAKELKNIHVCLGGLFVPEAYITATRQYVAQANSWSLEELCLEVNVTTSQGATLDACSFGVTGLKLQGATCNNNKLSLSNAISTALPLTQLRWVKQTNTEKKASVVTLPVYLNFTRADLIFTVDFEIATKEDPRSFYERGVAVLCTE,"[85, 120, 228, 305, 371, 394, 447, 551, 576, 613, 622, 624, 663, 671, 754, 809, 1099, 1100, 1111, 1115, 1119, 1125, 1185, 1263, 1286, 1371, 1409, 1496, 1580, 1610, 1613, 1807, 1834, 1917, 2033, 2043, 2094, 2104, 2239, 2261, 2297, 2702, 2856, 2966, 3112, 3209, 3225, 3232, 3279, 3297, 3407, 3418, 3424, 3471, 3480, 3621, 3727, 3733, 3747, 3757, 3774, 3861, 3893, 3945, 4089, 4111, 4154, 4171, 4203, 4204, 4283, 4292, 4406, 4418, 4422, 4441, 4457, 4502, 4594]"
53,sp|P42167|,MPEFLEDPSVLTKDKLKSELVANNVTLPAGEQRKDVYVQLYLQHLTARNRPPLPAGTNSKGPPDFSSDEEREPTPVLGSGAAAAGRSRAAVGRKATKKTDKPRQEDKDDLDVTELTNEDLLDQLVKYGVNPGPIVGTTRKLYEKKLLKLREQGTESRSSTPLPTISSSAENTRQNGSNDSDRYSDNEEDSKIELKLEKREPLKGRAKTPVTLKQRRVEHNQSYSQAGITETEWTSGSSKGGPLQALTRESTRGSRRTPRKRVETSEHFRIDGPVISESTPIAETIMASSNESLVVNRVTGNFKHASPILPITEFSDIPRRAPKKPLTRAEVGEKTEERRVERDILKEMFPYEASTPTGISASCRRPIKGAAGRPLELSDFRMEESFSSKYVPKYVPLADVKSEKTKKGRSIPVWIKILLFVVVAVFLFLVYQAMETNQVNPFSNFLHVDPRKSN,"[213, 334, 368, 389, 393, 401]"
54,sp|Q99829|,MAHCVTLVQLSISCDHLIDKDIGSKSDPLCVLLQDVGGGSWAELGRTERVRNCSSPEFSKTLQLEYRFETVQKLRFGIYDIDNKTPELRDDDFLGGAECSLGQIVSSQVLTLPLMLKPGKPAGRGTITVSAQELKDNRVVTMEVEARNLDKKDFLGKSDPFLEFFRQGDGKWHLVYRSEVIKNNLNPTWKRFSVPVQHFCGGNPSTPIQVQCSDYDSDGSHDLIGTFHTSLAQLQAVPAEFECIHPEKQQKKKSYKNSGTIRVKICRVETEYSFLDYVMGGCQINFTVGVDFTGSNGDPSSPDSLHYLSPTGVNEYLMALWSVGSVVQDYDSDKLFPAFGFGAQVPPDWQVSHEFALNFNPSNPYCAGIQGIVDAYRQALPQVRLYGPTNFAPIINHVARFAAQAAHQGTASQYFMLLLLTDGAVTDVEATREAVVRASNLPMSVIIVGVGGADFEAMEQLDADGGPLHTRSGQAAARDIVQFVPYRRFQNAPREALAQTVLAEVPTQLVSYFRAQGWAPLKPLPPSAKDPAQAPQA,"[84, 135, 157, 171, 182, 190, 522, 529]"
55,sp|P05204|,MPKRKAEGDAKGDKAKVKDEPQRRSARLSAKPAPPKPEPKPKKAPAKKGEKVPKGKKGKADAGKEGNNPAENGDAKTDQAQKAEGAGDAK,"[11, 76, 90]"
56,sp|P62280|,MADIQTERAYQKQPTIFQNKKRVLLGETGKEKLPRYYKNIGLGFKTPKEAIEGTYIDKKCPFTGNVSIRGRILSGVVTKMKMQRTIVIRRDYLHYIRKYNRFEKRHKNMSVHLSPCFRDVQIGDIVTVGECRPLSKTVRFNVLKVTKAAGTKKQFQKF,"[12, 20, 30, 38, 45, 48, 58, 79, 144, 157]"
57,sp|P34932|,MSVVGIDLGFQSCYVAVARAGGIETIANEYSDRCTPACISFGPKNRSIGAAAKSQVISNAKNTVQGFKRFHGRAFSDPFVEAEKSNLAYDIVQLPTGLTGIKVTYMEEERNFTTEQVTAMLLSKLKETAESVLKKPVVDCVVSVPCFYTDAERRSVMDATQIAGLNCLRLMNETTAVALAYGIYKQDLPALEEKPRNVVFVDMGHSAYQVSVCAFNRGKLKVLATAFDTTLGGRKFDEVLVNHFCEEFGKKYKLDIKSKIRALLRLSQECEKLKKLMSANASDLPLSIECFMNDVDVSGTMNRGKFLEMCNDLLARVEPPLRSVLEQTKLKKEDIYAVEIVGGATRIPAVKEKISKFFGKELSTTLNADEAVTRGCALQCAILSPAFKVREFSITDVVPYPISLRWNSPAEEGSSDCEVFSKNHAAPFSKVLTFYRKEPFTLEAYYSSPQDLPYPDPAIAQFSVQKVTPQSDGSSSKVKVKVRVNVHGIFSVSSASLVEVHKSEENEEPMETDQNAKEEEKMQVDQEEPHVEEQQQQTPAENKAESEEMETSQAGSKDKKMDQPPQAKKAKVKTSTVDLPIENQLLWQIDREMLNLYIENEGKMIMQDKLEKERNDAKNAVEEYVYEMRDKLSGEYEKFVSEDDRNSFTLKLEDTENWLYEDGEDQPKQVYVDKLAELKNLGQPIKIRFQESEERPKLFEELGKQIQQYMKIISSFKNKEDQYDHLDAADMTKVEKSTNEAMEWMNNKLNLQNKQSLTMDPVVKSKEIEAKIKELTSTCSPIISKPKPKVEPPKEEQKNAEQNGPVDGQGDNPGPQAAEQGTDTAVPSDSDKKLPEMDID,"[53, 61, 68, 126, 134, 194, 221, 257, 329, 356, 360, 430, 477, 568, 618, 638, 674, 679, 686, 711, 717, 719, 754, 764]"
58,sp|Q14980|,MTLHATRGAALLSWVNSLHVADPVEAVLQLQDCSIFIKIIDRIHGTEEGQQILKQPVSERLDFVCSFLQKNRKHPSSPECLVSAQKVLEGSELELAKMTMLLLYHSTMSSKSPRDWEQFEYKIQAELAVILKFVLDHEDGLNLNEDLENFLQKAPVPSTCSSTFPEELSPPSHQAKREIRFLELQKVASSSSGNNFLSGSPASPMGDILQTPQFQMRRLKKQLADERSNRDELELELAENRKLLTEKDAQIAMMQQRIDRLALLNEKQAASPLEPKELEELRDKNESLTMRLHETLKQCQDLKTEKSQMDRKINQLSEENGDLSFKLREFASHLQQLQDALNELTEEHSKATQEWLEKQAQLEKELSAALQDKKCLEEKNEILQGKLSQLEEHLSQLQDNPPQEKGEVLGDVLQLETLKQEAATLAANNTQLQARVEMLETERGQQEAKLLAERGHFEEEKQQLSSLITDLQSSISNLSQAKEELEQASQAHGARLTAQVASLTSELTTLNATIQQQDQELAGLKQQAKEKQAQLAQTLQQQEQASQGLRHQVEQLSSSLKQKEQQLKEVAEKQEATRQDHAQQLATAAEEREASLRERDAALKQLEALEKEKAAKLEILQQQLQVANEARDSAQTSVTQAQREKAELSRKVEELQACVETARQEQHEAQAQVAELELQLRSEQQKATEKERVAQEKDQLQEQLQALKESLKVTKGSLEEEKRRAADALEEQQRCISELKAETRSLVEQHKRERKELEEERAGRKGLEARLQQLGEAHQAETEVLRRELAEAMAAQHTAESECEQLVKEVAAWRERYEDSQQEEAQYGAMFQEQLMTLKEECEKARQELQEAKEKVAGIESHSELQISRQQNELAELHANLARALQQVQEKEVRAQKLADDLSTLQEKMAATSKEVARLETLVRKAGEQQETASRELVKEPARAGDRQPEWLEEQQGRQFCSTQAALQAMEREAEQMGNELERLRAALMESQGQQQEERGQQEREVARLTQERGRAQADLALEKAARAELEMRLQNALNEQRVEFATLQEALAHALTEKEGKDQELAKLRGLEAAQIKELEELRQTVKQLKEQLAKKEKEHASGSGAQSEAAGRTEPTGPKLEALRAEVSKLEQQCQKQQEQADSLERSLEAERASRAERDSALETLQGQLEEKAQELGHSQSALASAQRELAAFRTKVQDHSKAEDEWKAQVARGRQEAERKNSLISSLEEEVSILNRQVLEKEGESKELKRLVMAESEKSQKLEERLRLLQAETASNSARAAERSSALREEVQSLREEAEKQRVASENLRQELTSQAERAEELGQELKAWQEKFFQKEQALSTLQLEHTSTQALVSELLPAKHLCQQLQAEQAAAEKRHREELEQSKQAAGGLRAELLRAQRELGELIPLRQKVAEQERTAQQLRAEKASYAEQLSMLKKAHGLLAEENRGLGERANLGRQFLEVELDQAREKYVQELAAVRADAETRLAEVQREAQSTARELEVMTAKYEGAKVKVLEERQRFQEERQKLTAQVEQLEVFQREQTKQVEELSKKLADSDQASKVQQQKLKAVQAQGGESQQEAQRLQAQLNELQAQLSQKEQAAEHYKLQMEKAKTHYDAKKQQNQELQEQLRSLEQLQKENKELRAEAERLGHELQQAGLKTKEAEQTCRHLTAQVRSLEAQVAHADQQLRDLGKFQVATDALKSREPQAKPQLDLSIDSLDLSCEEGTPLSITSKLPRTQPDGTSVPGEPASPISQRLPPKVESLESLYFTPIPARSQAPLESSLDSLGDVFLDSGRKTRSARRRTTQIINITMTKKLDVEEPDSANSSFYSTRSAPASQASLRATSSTQSLARLGSPDYGNSALLSLPGYRPTTRSSARRSQAGVSSGAPPGRNSFYMGTCQDEPEQLDDWNRIAELQQRNRVCPPHLKTCYPLESRPSLSLGTITDEEMKTGDPQETLRRASMQPIQIAEGTGITTRQQRKRVSLEPHQGPGTPESKKATSCFPRPMTPRDRHEGRKQSTTEAQKKAAPASTKQADRRQSMAFSILNTPKKLGNSLLRRGASKKALSKASPNTRSGTRRSPRIATTTASAATAAAIGATPRAKGKAKH,"[247, 267, 303, 306, 326, 449, 561, 568, 611, 708, 740, 891, 897, 908, 914, 1024, 1078, 1091, 1121, 1204, 1210, 1244, 1330, 1335, 1441, 1475, 1511, 1556, 1611, 1624, 1699, 1708, 1821, 2040, 2057]"
59,sp|Q9UHV9|,MAENSGRAGKSSGSGAGKGAVSAEQVIAGFNRLRQEQRGLASKAAELEMELNEHSLVIDTLKEVDETRKCYRMVGGVLVERTVKEVLPALENNKEQIQKIIETLTQQLQAKGKELNEFREKHNIRLMGEDEKPAAKENSEGAGAKASSAGVLVS,"[84, 94, 136]"
60,sp|Q9NR31|,MSFIFEWIYNGFSSVLQFLGLYKKSGKLVFLGLDNAGKTTLLHMLKDDRLGQHVPTLHPTSEELTIAGMTFTTFDLGGHEQARRVWKNYLPAINGIVFLVDCADHSRLVESKVELNALMTDETISNVPILILGNKIDRTDAISEEKLREIFGLYGQTTGKGNVTLKELNARPMEVFMCSVLKRQGYGEGFRWLSQYID,"[27, 46, 146, 160, 166, 182]"
61,tr|A2AQN4|,MGLPEERRKSGSGSRAREETGAEGRVRGWSPPPEVRRSAHVPSLQRYRELHRRSVEEPREFWGNIAKEFYWKTACPGPFLQYNFDVTKGKIFTEWMKGATTNICYNVLDRNVHEKKLGDKVAFYWEGNEPGETTKITYRELLVQVCQFSNVLRKQGIQKGDRVAIYMPMILELVVAMLACARLGALHSIVFAGFSAESLCERILDSSCCLLITTDAFYRGEKLVNLKELADESLEKCREKGFPVRCCIVVKHLGRAELGMNDSPSQSPPVKRPCPDVQGKLREKSKCIRPQICWNEGVDLWWHELMQQAGDECEPEWCDAEDPLFILYTSGSTGKPKGVVHTIGGYMLYVATTFKYVFDFHPEDVFWCTADIGWITGHSYVTYGPLANGATSVLFEGIPTYPDEGRLWSIVDKYKVTKFYTAPTAIRMLMKFGDDPVTKHSRASLQVLGTVGEPINPEAWLWYHRVVGSQRCPIVDTFWQTETGGHMLTPLPGATPMKPGSASFPFFGVAPAILNESGEELEGEAEGYLVFKQPWPGIMRTVYGNHTRFETTYFKKFPGYYVTGDGCRRDQDGYYWITGRIDDMLNVSGHLLSTAEVESALVEHEAVAEAAVVGHPHPVKGECLYCFVTLCDGHTFSPTLTEELKKQIREKIGPIATPDYIQNAPGLPKTRSGKIMRRVLRKIAQNDHDLGDTSTVADPSVINHLFSHRCLTTQ,"[227, 236, 413, 418, 431, 439, 555, 556]"
62,sp|Q9DBE0|,MADSKPLRTLDGDPVAVEALLQDVFGIVVDEAILKGTSASEKVCEWKEPEELKQLLDLELQSQGESREQILERCRTVIHYSVKTGHPRFFNQLFSGLDPHALAGRIITESLNTSQYTYEIAPVFVLMEEEVLKKLRALVGWNSGDGVFCPGGSISNMYAMNLARFQRYPDCKQRGLRALPPLALFTSKECHYSITKGAAFLGLGTDSVRVVKADERGRMIPEDLERQIILAEAEGSVPFLVSATSGTTVLGAFDPLDAIADVCQRHGLWFHVDAAWGGSVLLSRTHRHLLDGIQRADSVAWNPHKLLAAGLQCSALLLRDTSNLLKRCHGSQASYLFQQDKFYDVALDTGDKVVQCGRRVDCLKLWLMWKAQGGQGLERRIDQAFALTRYLVEEIKKREGFELVMEPEFVNVCFWFVPPSLRGKKESPDYSQRLSQVAPVLKERMVKKGTMMIGYQPHGTRANFFRMVVANPILAQADIDFLLGELELLGQDL,"[83, 212, 326, 396, 425, 442]"
63,sp|Q9D379|,MWLELILASVLGFVIYWFVSRDKEETLPLEDGWWGPGSKPSAKEDESIRPFKVETSDEEIKDLHQRIDRFRASPPLEGSRFHYGFNSSYLKKVVSFWRNEFDWRKQVEILNQYPHFKTKIEGLDIHFIHVKPPQLPSGRTPKPLLMVHGWPGSFYEFYKIIPLLTDPKTHGLSDEHVFEVICPSIPGYGFSEASSKKGLNSVATARIFYKLMSRLGFQKFYIQGGDWGSLICTNIAQMVPNHVKGLHLNMSFISRNIYSLTPLLGQRFGRFLGYTEKDLELLYPFKEKVFYNIMRESGYLHIQATKPDTVGCALNDSPVGLAAYILEKFSTWTKSEYRELEDGGLERKFSLEDLLTNIMIYWTTGTIVSSQRFYKENLGQGVMVHRHEGMKVFVPTGYSAFPSEILHAPEKWVKVKYPKLISYSYMERGGHFAAFEEPKLLAQDIRKFVSLAELQ,"[43, 61, 91, 117, 277, 286, 288, 334, 375, 419]"
64,sp|Q91W43|,MQLCARAWGLRLGRGAGGGHRLARGTGLSWAQRSRDSSGGGGGGGGGDRGAAGASRLLERLLPRHDDFSRRHIGPGDKDRREMLQALGLASIDELIEKTVPASIRLKRPLKMEDPICENEILETLHAIASKNQIWRSYIGMGYYNCSVPQTILRNLLENSGWVTQYTPYQPEVSQGRLESLLNYQTMVSDITGLDMANASLLDEATAAAEAMQLCHRHNKRKKFFVDPRCHPQTIAVVQTRAKYRGVLVELKLPHEMDFSGKDVCGVLFQYPDTEGKVEDFTELVDRAHQTGSLTCCATDLLALCILRPPGEFGVDIALGNSQRFGVPLGYGGPHAAFFAVKENLVRMMPGRMVGVTRDATGKEVYRLALQTREQHIRRDKATSNICTAQALLANMAAMFAIYHGSQGLKHIAKRVHNATLILSEGLKRAGHQLQHDLFFDTLKVQCGCSVKEVLGRAAQRQINFRLFDDGTLGISLDETVTEKDLDDLLWIFGCESSAELVAEGMGEERRGLLGSSFKRTSPFLTHQVFNSYHSETNLVRYMKKLENKDISLVHSMIPLGSCTMKLNSSSELAPITWREFANIHPFVPLDQAQGYQQLFQGLEKDLCEITGYDRVSFQPNSGAQGEYAGLATIRAYLDQKGERHRTVCLIPKSAHGTNPASAHMAGMKIQPVEVDRYGNIDVAHLKAMVDQHKENLAAIMITYPSTNGVFEENIGDVCALIHQHGGQVYLDGANMNAQVGICRPGDFGSDVSHLNLHKTFCIPHGGGGPGMGPIGVKKHLSPFLPSHPVISIKPTEGTWPVGTVSAAPWGSSSILPISWAYIKMMGGKGLKEATEIAILNANYMAKRLEKHYRVLFRGARGYVAHEFILDTRPFKKSANVEAVDVAKRLQDYGFHAPTMSWPVAGTLMIEPTESEDKAELDRFCDAMISIRQEIADIEEGRIDPRVNPLKMSPHSLTCVTSSCWDRPYSREVAAFPLPFVKPENKFWPTIARIDDIYGDQHLVCTCPPMEVYESPFSEQKRASS,"[78, 252, 363, 428, 519, 641, 669, 687, 847, 888, 982, 986]"
65,tr|F2Z456|,MKLFQRSTPAITLENPDIKYPLRLIDKEVISPDTRRFRFALPSPQHILGLPIGQHIYLSTRIDGNLVIRPYTPVSSDDDKGFVDLVVKVYFKDTHPKFPAGGKMSQYLENMKIGDTIEFRGPNGLLVYQGKGKFAIRADKKSNPVVRTVKSVGMIAGGTGITPMLQVIRAVLKDPNDHTVCYLLFANQSEKDILLRPELEELRNEHSARFKLWYTVDKAPDGEHGKPLVEQEAAHAVLVACSWLWRNQTSEGKCPQPTAREQQSQGGDPRPCFLVSHTAPGWQRSPLISLGLAHFGAGLGAVLRVGWLLLCSW,"[2, 19, 27, 92, 97, 112, 131, 173, 211, 218]"
66,tr|E9QPA6|,MAAVKTLNPKAEVARAQAALAVNISAARGLQDVLRTNLGPKGTMKMLVSGAGDIKLTKDGNVLLHEMQIQHPTASLIAKVATAQDDITGDGTTSNVLIIGELLKQADLYISEGLHPRIITEGFEAAKEKALQFLEQVKVSKEMDRETLIDVARTSLRTKVHAELADVLTEAVVDSILAIRKKDEPIDLFMVEIMEMKHKSETDTSLIRGLVLDHGARHPDMKKRVENAYILTCNVSLEYEKTEVNSGFFYKSAEEREKLVKAERKFIEDRVKKIIELKKKVCGDSDKGFVVINQKGIDPFSLDALAKEGIVALRRAKRRNMERLTLACGGIALNSFDDLNPDCLGHAELVYEYTLGEEKFTFIEKCNNPRSVTLLVKGPNKHTLTQIKDAIRDGLRAVKNAIDDGCILWNSGPLEEQSVLLIAEPSPQPPGNFLKLEILFIYSGLTLNSQVLAQNSGFDLQETLVKVQAEHSESGQLVGVDLSTGEPMVAAEMGVWDNYCVKKQLLHSCTVIATNILLVDEIMRAGMSSLKG,"[5, 10, 41, 45, 55, 127, 138, 251, 265, 272, 278, 287, 377, 381, 388, 531]"
67,sp|P11679|,MSIRVTQKSYKMSTSGPRAFSSRSFTSGPGARISSSSFSRVGSSSSSFRGSMGTGVGLGGFGGAGVGGITAVTVNQSLLSPLKLEVDPNIQAVRTQEKEQIKSLNNKFASFIDKVRFLEQQNKMLETKWSLLQQQKTSRSNMDNMFESYINNLRRQLEALGQEKLKLEAELGNMQGLVEDFKNKYEDEINKRTEMENEFVLIKKDVDEAYMNKVELESRLEGLTDEINFLRQIHEEEIRELQSQISDTSVVLSMDNSRSLDMDGIIAEVRAQYEDIANRSRAEAETMYQIKYEELQTLAGKHGDDLRRTKTEISEMNRNINRLQAEIEALKGQRASLEAAIADAEQRGEMAIKDAQTKLAELEAALQRAKQDMARQLREYQELMNVKLALDIEITTYRKLLEGEESRLESGMQNMSIHTKTTSGYSGGLSSSYGGLTSPGFSYGMSSFQPGFGSAGGSNTFSRTTKAVVVKKIETRDGKLVSESSDVVSK,"[102, 107, 136, 203, 301, 310, 331, 353, 358, 466, 471, 479]"
68,sp|P15105|,MATSASSHLNKGIKQMYMSLPQGEKVQAMYIWVDGTGEGLRCKTRTLDCEPKCVEELPEWNFDGSSTFQSEGSNSDMYLHPVAMFRDPFRKDPNKLVLCEVFKYNRKPAETNLRHICKRIMDMVSNQHPWFGMEQEYTLMGTDGHPFGWPSNGFPGPQGPYYCGVGADKAYGRDIVEAHYRACLYAGVKITGTNAEVMPAQWEFQIGPCEGIRMGDHLWIARFILHRVCEDFGVIATFDPKPIPGNWNGAGCHTNFSTKAMREENGLKCIEEAIDKLSKRHQYHIRAYDPKGGLDNARRLTGFHETSNINDFSAGVANRGASIRIPRTVGQEKKGYFEDRRPSANCDPYAVTEAIVRTCLLNETGDEPFQYKN,"[11, 14, 103, 291, 333, 334]"
69,sp|Q99N92|,MAAAALTLRTRAAVTALLSPTAPTALAVRHASKKTGGSSKNLGGKSRGKHYGIKKMEGHYVHAGNILGTQRQFRWHPGAHVGLGRNKCLYALEEGIVRYTKDVYVPNPKNTEAVDLVTSLPKGAVLYKTFVHVVPAKPEGTFKLVDML,"[87, 101, 128, 137, 143]"
70,sp|Q99PG0|,MGKTISLLISVVLVAYYLYIPLPDAIEEPWKVVWETAFVKIGTDLASFGELLGISHFMETIQLLMSFQEVPPTSDEHVTVMETAFDSVPVRIYIPKRKSMALRRGLFYIHGGGWCLGSAAHFSYDTLSRWTAHKLDAVVVSTDYGLAPKHHFPRQFEDVYRSLRWFLQEDVLEKYGVDPRRVGVSGDSAGGNLAAAVTQQLIQDPDVKIKLKVQALIYPALQALDTNVPSQQEGSHFPVLTRSLMVRFWSEYFTTDRGLEKAMLLNQHVPMESSHLLQFVNWSSLLPERYKKSPVYKNPTPGSSELAQKYPGFIDVKACPLLANDNILHHLPKTYIITCQYDVLRDDGLMYVKRLQNVGVHVTHHHVEDGFHGTFSFPGLKLSERMKNQYLSWLIKNL,"[297, 353]"
71,sp|Q9CZ42|,MAVHACGAAAAVVALLSAAIALQWSPLYAVLQRALSLHTAHATKDMENLFQLVRNIVPALTSKKHKGQDGRIGIVGGCQEYTGAPYFAGISALKVGADLTHVFCAREAAPVIKSYSPELIVHPVLDSSNAVEEVEKWLPRLHALVVGPGLGRDDLLLNNVRGILESTKARDIPVVIDADGLWLVAQQPALIHSYHKAILTPNHVEFSRLWEAVLSSPMDSNDLKGSTLKLSQALGNITVVQKGEQDLISNGQQVLVCNQEGSSRRCGGQGDLLSGSLGVMVHWALRAGPEKTNGSSPLLVAAWGACTLTRECNRQAFQKYGRSTTTTDMITEVGTAFSRLFTT,"[44, 63, 168, 319]"
72,sp|Q9D6J6|,MFSLALRARATGLAAQWGRHARNLHKTAVHNGAGGALFVHRDTPENNPDTPFDFTPENYKRIEAIVKNYPEGHQAAAVLPVLDLAQRQNGWLPISAMNKVAEVLQVPPMRVYEVATFYTMYNRKPVGKYHIQVCTTTPCMLRDSDSILETLQRKLGIKVGETTPDKLFTLIEVECLGACVNAPMVQINDNYYEDLTPKDIEEIIDELKAGKVPKPGPRSGRFCCEPAGGLTSLTEPPKGPGFGVQAGL,"[26, 60, 67, 158]"
73,sp|Q9DCJ5|,MPGIVELPTLEELKVEEVKVSSAVLKAAAHHYGAQCDKTNKEFMLCRWEEKDPRRCLKEGKLVNGCALNFFRQIKSHCAEPFTEYWTCLDYSNMQLFRHCRQQQAKFDQCVLDKLGWVRPDLGQLSKVTKVKTDRPLPENPYHSRARPEPNPVIEGDLKPAKHGTRFFFWTV,"[26, 41, 51, 106, 127, 159]"
74,sp|Q9DCS9|,MPDSWDKDVYPEPPSRTPAPSPQTSLPNPITYLTKAYDLVVDWPVTLVREFIERQHAKNRTYYYHRQYRRVPDITECKEGDVLCIYEAEMQWRRDFKVDQEIMNIIQERLKACQQREGENYQQNCAKELEQFTKVTKAYQDRYLDLGAYYSARKCLAKQKQRMLEERKAARQEAAA,"[97, 134, 137]"
75,sp|Q9ERS2|,MAASKVKQDMPPPGGYGPIDYKRNLPRRGLSGYSMFAVGIGALIFGYWRMMRWNQERRRLLIEDLEARIALMPLFQAEKDRRTLQILRENLEEEAIIMKDVPNWKVGESVFHTTRWVPPLIGEMYGLRTKEEMSNANFGFTWYT,"[22, 79]"
76,sp|Q9JIA6|,MAAWRPPRVEELLAEARRAFMEEFGAEPELAVSAPGRVNLIGEHTDYNQGLVLPMALELVTVMVGSPRTDGLVSLLTTSKDADEPQRLQFPLPSAQWSLEPGIPQWANYVKGVIQHYPASPLVGFSAVVVSSVPLGGGLSSSASLEVATYTFIQQLCPDSGAIAARAQVCQRAEHSFAGVPCGIMDQLIALLGQKGYALLIDCRSLETSLVPLSDPKLAVLITNSNVRHSLGSSEYPVRRRQCEEVAQALGKESLREVRMEELEAGRELMSKEGFRRARHVVSEIRRTAQAAAAMSRGDYKAFGRLMVESHYSLRDDYEVSCPELDQLVEAALSVPGVYGSRMTGGGFGGCTVTLLEASVAPLVIDHIQEQYSGTATFYLSQAADGAQVLSL,"[80, 252, 272, 301]"
77,sp|Q3U2P1|,MAQPRIPAARGAAASLQAQNGAASASGSPYTNGPVHNTLMSPQVSSSQGYDSQPPGSYPRPMPAKTLNPFSAQSNYGGSQGSGQTLNSPLVTSGPVLPSLHSGPVPRMPLPTSQNPAATPMPSGSFLPGANPPPPLNWQYNYPSTGPQTNHFPHVAPPTLPGNPNLTADHQYVSSGDPALQTSFKKPGSALPLQNPPLPPTFQPGAPPGPPPAGGPPPSRGPAPQKTPPRAAPPPSFNSAVNQEGITSNANNGSTAAHNTYDEIEGGGFLATPQLVNQNPKTSRSVGSAYPSLPPGYQNSAPPVAGMPPPSLSYPSGPQAFTQTPLGANHLTASMSGLSLHPEGLRVVNLLQERNMLPSTPLQPPVPNLLEDIQKLNCNPELFRCTLTSVPQTQALLNKAKLPLGLLLHPFKDLVQLPVVTSSTIVRCRSCRTYINPFVNFLDQRRWKCNLCYRVNDVPEEFMYNPLTRVYGEPHKRPEVQNATIEFMAPSEYMLRPPQPPVYLFVFDVSHNAIETGYLNSVCQSLLDNLDLLPGNTRTKIGFITFDSTIHFYSLQEGLSQPQMLIVSDIDDVFIPMPENLLVNLNESKELVQDLLKTLPQMFTKTLETQSALGPALQAAFKLISPTGGRMSVFQTQLPTLGVGALKPREEPNQRSSAKEIHLTPSTDFYKKLALDCSGQQAAVDLFLLSGQYSDLASLGCISRYSAGSVYYYPSYHHQHNPVQVQKLQKELHRYLTRKIGFEAVMRIRCTKGLSIHTFHGNFFVRSTDLLSLPNVNPDAGYAVQMSVEESLTDTQLVSFQSALLYTSSKGERRIRVHTLCLPVVSTLNEVFLGADVQAISGLLANMAVDRSVTASLSDARDALVNAVIDSLSAYRSSVLSGQQPGLMVPFSLRLFPLFVLALLKQKSFQTGTSIRLDERIFAMCQVKSQPLVHLMLTTHPSLYRVDNLSDEGALNINDRTIPQPPILQLSVEKLSRDGAFLMDAGSLLMLWVGRNCSQNFLSQVLGVQNYASIPQTMTDLPELDTPESARIAAFISWLREQRPFFPVLYVIREESLMKAAFLQSLVEDRTESALSYYEFLLHIQQQVNK,"[401, 671, 727, 739]"
78,tr|Q3U505|,HGRRLGAVPLPYGAGAWARALSGSSVWRRLRAGSSAVFLLALTITASVQALTPTHYLTKQDVERLKASLDRPFTDLESAFYSIVGLSSLGVQVPDVKKACTFIKSNLDPSNVDSLFYAAQSSQVLSGCEISVSNETKELLLAAVSEDSPIAQIYHAVAALSGFGLPLASNEALGALTARLGKEETVLATVQALQTASHLSQQADLRNIVEEIEDLVARLDELGGVYLQFEEGLELTALFVAATYKLMDHVGTEPSMKEDQVIQLMNTIFSKKNFESLSEAFSVASAAAALSQNRYHVPVVVVPEGSTSDTQEQAILRLQVSNVLSQPLAQAAVKLEHAKSAATRATVLQKTPFSLVGNVFELNFKNVKLSSGYYDFSVRVEGDSRYIANTVELRVKISTEVGITNVDLSTVDKDQSIAPKTTRVTYPAKAKGTFIADSHQNFALFFQLVDVNTGAELTPHQTFVRLHNQKTGQEVVFVAEPDNKNVYKFELDTSERKIEFDSASGTYTLYLIIGDATLKNPILWNVADVVIKFPEEEAPSTVLSQSLFTPKQEIQHLFREPEKRPPTVVSNTFTALILSPLLLLFALWIRIGANVSNFTFAPSTVIFHLGHAAMLGLMYIYWTQLNMFQTLKYLAVLGTVTFLAGNRMLAQHAVKRTAH,"[59, 66, 271, 339, 420, 429, 488, 655]"
79,tr|Q3ULU4|,MWWVRRTRYWFSTLLYAGGARLRPGRRTASGGLETPGSCGAELQGELDRFGGVSVHLSRHHTLHGLDAAAFRRLLQAAIQQWRSEGRIAAWLHIPILQSHFIAPAASLGFCFHHAKPHSSTLTLWLGEGPSRLPGYATHQVGVAGAVFDVSTRKVLVVQDRNKLKNMWKFPGGLSEPGEDIADTAVREVFEETGVKSEFRSLLSIRQQHRSPGAFGMSDMYLVCRLQPRSFTINFCQQECLKCEWIDLENLARTKHTTPITSRVARLLLYGLREGFDKIDLSMEELPAVYTGLFYKLYHRELPESYKAATGAD,"[196, 307]"
80,sp|A2ALM8|,MSLQWTTVATFLYAEVFAVLLLCIPFISPKRWQKVFKSRLVELVVTYGNTFFVVLIVILVLLVIDAVREILKYDDVTEKVNLQNNPGAMEHFHMKLFRAQRNLYIAGFSLLLSFLLRRLVTLISQQATLLASNEAFKKQAESASEAAKKYMEENDQLKKGAAEDGDKLDIGNTEMKLEENKSLKNDLRKLKDELASTKKKLEKAENEALAMQKQSEGLTKEYDRLLEEHAKLQASVRGPSVKKEE,"[95, 137, 148, 158, 184, 198, 220]"
81,sp|P51855|,MATSWGSILQDEKQLEELAKQAIDRALAEGVLLRSAQHPSSSDVVTYAPFTLFPSPVPSALLEQAYAVQMDFNILVDAVSQNPAFLEQTLSSTIKKDDYTARLFDIYKQVLKEGIAQTVFLGLNRSDYMFQCGADGSKALKQIEINTISASFGGLASRTPAVHRHVLNVLNKTKEASKILSNNPSKGLALGIAKAWELYGSANAVVLLIAQEKERNIFDQRAVENELLDRKIHVIRGRFEDVSERGSLDQNRRLFMDDQEVAVVYFRDGYMPSQYNSQNWEARLMLERSRAAKCPDIAIQLAGTKKVQQELSRVGLLEALLPGQPEAVARLRATFAGLYSLDMGEEGDQAIAEALAAPSHFVLKPQREGGGNNLYGEEMVQALEQLKDSEERASYILMEKIEPEPFRNCLLRPGSPAQVVQCISELGIFGVYVRQGTTLVMNKHVGHLLRTKAVEHADGGVAAGVAVLDNPYPV,"[20, 108, 172, 186, 293, 305, 443, 452]"
82,tr|A2AQR0|,MAFQKAVKGTILVGGGALATVLGLSPFAHYRRKQVSLAYVEAAGYLTEPVNREPPSREAQLMTLKNTPEFDILVIGGGATGCGCALDAVTRGLKTALVERDDFSSGTSSRSTKLIHGGVRYLQKAIMNLDVEQYRMVKEALHERANLLEIAPHLSAPLPIMLPLYKWWQLPYYWVGIKMYDLVAGSQCLKSSYVLSKSRALEHFPMLQKDKLVGAIVYYDGQHNDARMNLAIALTAARYGAATANYMEVVSLLKKTDPETGKERVSGARCKDVLTGQEFDVRAKCVINASGPFTDSVRKMDDKNVVPICQPSAGVHIVMPGYYSPENMGLLDPATSDGRVIFFLPWEKMTIAGTTDTPTDVTHHPIPSEEDINFILNEVRNYLSSDVEVRRGDVLAAWSGIRPLVTDPKSADTQSISRNHVVDISDSGLITIAGGKWTTYRSMAEDTVDAAVKFHNLNAGPSRTVGLFLQGGKDWSPTLYIRLVQDYGLESEVAQHLAKTYGDKAFEVAKMASVTGKRWPVVGVRLVSEFPYIEAEVKYGIKEYACTAVDMISRRTRLAFLNVQAAEEALPRIVELMGRELNWSELRKQCVTYDSDGSTVATSWSSQEELETATRFLYYEMGYKSRTEQLTDSTEISLLPSDIDRYKKRFHKFDEDEKGFITIVDVQRVLESINVQMDENTLHEILCEVDLNKNGQVELHEFLQLMSAVQKGRVSGSRLAILMKTAEENLDRRVPIPVDRSCGGL,"[8, 94, 113, 124, 138, 197, 209, 262, 271, 409, 473, 504, 510, 517, 624, 652, 724]"
83,tr|I6XZ34|,MGEVRVVGIRVEQPQNQPVLLLREANGDRYLPIWIGQSEAAAIALEQQGVEPPRPLTHDLIRDLIAALGHSLKEVRIVDLQEGTFYADLIFDRNIKVSARPSDSVAIALRVGVPIYVEEAVLAQAGLLIPDESDEEATTAVREDEVEKFKEFLDSVSPDDFKAT,[73]
84,tr|I6XZ95|,MAVSARAGIVITGTEVLTGRVQDRNGPWIADRLLELGVELAHITICGDRPADIEAQLRFMAEQGVDLIVTSGGLGPTADDMTVEVVARYCGRELVLDDELENRIANILKKLMGRNPAIEPANFDSIRAANRKQAMIPAGSQVIDPVGTAPGLVVPGRPAVMVLPGPPRELQPIWSKAIQTAPVQDAIAGRTTYRQETIRIFGLPESSLADTLRDAEAAIPGFDLVEITTCLRRGEIEMVTRFEPNAAQVYTQLARLLRDRHGHQVYSEDGASVDELVAKLLTGRRIATAESCTAGLLAARLTDRPGSSKYVAGAVVAYSNEAKAQLLGVDPALIEAHGAVSEPVAQAMAAGALQGFGADTATAITGIAGPSGGTPEKPVGTVCFTVLLDDGRTTTRTVRLPGNRSDIRERSTTVAMHLLRRTLSGIPGSP,[109]
85,tr|I6XZS8|,MGSRRFDAEVYARRLALAAAATADAGLAGLVITPGYDLCYLIGSRAETFERLTALVLPAAGAPAVVLPRLELAALKQSAAAELGLRVCDWVDGDDPYGLVSAVLGGAPVATAVTDSMPALHMLPLADALGVLPVLATDVLRRLRMVKEETEIDALRKAGAAIDRVHARVPEFLVPGRTEADVAADIAEAIVAEGHSEVAFVIVGSGPHGADPHHGYSDRELREGDIVVVDIGGTYGPGYHSDSTRTYSIGEPDSDVAQSYSMLQRAQRAAFEAIRPGVTAEQVDAAARDVLAEAGLAEYFVHRTGHGIGLCVHEEPYIVAGNDLVLVPGMAFSIEPGIYFPGRWGARIEDIVIVTEDGAVSVNNCPHELIVVPVS,"[76, 147, 157]"
86,tr|I6XZT3|,MGSLSPWHWAILAVVVIVLFGAKKLPDAARSLGKSLRIFKSEVRELQNENKAEASIETPTPVQSQRVDPSAASGQDSTEARPA,[40]
87,tr|I6Y098|,MASYLPDIDPEETSEWLESFDTLLQRCGPSRARYLMLRLLERAGEQRVAIPALTSTDYVNTIPTELEPWFPGDEDVERRYRAWIRWNAAIMVHRAQRPGVGVGGHISTYASSAALYEVGFNHFFRGKSHPGGGDQVFIQGHASPGIYARAFLEGRLTAEQLDGFRQEHSHVGGGLPSYPHPRLMPDFWEFPTVSMGLGPLNAIYQARFNHYLHDRGIKDTSDQHVWCFLGDGEMDEPESRGLAHVGALEGLDNLTFVINCNLQRLDGPVRGNGKIIQELESFFRGAGWNVIKVVWGREWDALLHADRDGALVNLMNTTPDGDYQTYKANDGGYVRDHFFGRDPRTKALVENMSDQDIWNLKRGGHDYRKVYAAYRAAVDHKGQPTVILAKTIKGYALGKHFEGRNATHQMKKLTLEDLKEFRDTQRIPVSDAQLEENPYLPPYYHPGLNAPEIRYMLDRRRALGGFVPERRTKSKALTLPGRDIYAPLKKGSGHQEVATTMATVRTFKEVLRDKQIGPRIVPIIPDEARTFGMDSWFPSLKIYNRNGQLYTAVDADLMLAYKESEVGQILHEGINEAGSVGSFIAAGTSYATHNEPMIPIYIFYSMFGFQRTGDSFWAAADQMARGFVLGATAGRTTLTGEGLQHADGHSLLLAATNPAVVAYDPAFAYEIAYIVESGLARMCGENPENIFFYITVYNEPYVQPPEPENFDPEGVLRGIYRYHAATEQRTNKAQILASGVAMPAALRAAQMLAAEWDVAADVWSVTSWGELNRDGVAIETEKLRHPDRPAGVPYVTRALENARGPVIAVSDWMRAVPEQIRPWVPGTYLTLGTDGFGFSDTRPAARRYFNTDAESQVVAVLEALAGDGEIDPSVPVAAARQYRIDDVAAAPEQTTDPGPGA,"[274, 361, 369, 381, 390, 393, 399, 419, 475, 489, 508, 514]"
88,tr|I6Y0P9|,MPLLTIGDQFPAYQLTALIGGDLSKVDAKQPGDYFTTITSDEHPGKWRVVFFWPKDFTFVCPTEIAAFSKLNDEFEDRDAQILGVSIDSEFAHFQWRAQHNDLKTLPFPMLSDIKRELSQAAGVLNADGVADRVTFIVDPNNEIQFVSATAGSVGRNVDEVLRVLDALQSDELCACNWRKGDPTLDAGELLKASA,"[104, 115]"
89,tr|I6Y0Q6|,MNFYSAYQHGFVRVAACTHHTTIGDPAANAASVLDMARACHDDGAALAVFPELTLSGYSIEDVLLQDSLLDAVEDALLDLVTESADLLPVLVVGAPLRHRHRIYNTAVVIHRGAVLGVVPKSYLPTYREFYERRQMAPGDGERGTIRIGGADVAFGTDLLFAASDLPGFVLHVEICEDMFVPMPPSAEAALAGATVLANLSGSPITIGRAEDRRLLARSASARCLAAYVYAAAGEGESTTDLAWDGQTMIWENGALLAESERFPKGVRRSVADVDTELLRSERLRMGTFDDNRRHHRELTESFRRIDFALDPPAGDIGLLREVERFPFVPADPQRLQQDCYEAYNIQVSGLEQRLRALDYPKVVIGVSGGLDSTHALIVATHAMDREGRPRSDILAFALPGFATGEHTKNNAIKLARALGVTFSEIDIGDTARLMLHTIGHPYSVGEKVYDVTFENVQAGLRTDYLFRIANQRGGIVLGTGDLSELALGWSTYGVGDQMSHYNVNAGVPKTLIQHLIRWVISAGEFGEKVGEVLQSVLDTEITPELIPTGEEELQSSEAKVGPFALQDFSLFQVLRYGFRPSKIAFLAWHAWNDAERGNWPPGFPKSERPSYSLAEIRHWLQIFVQRFYSFSQFKRSALPNGPKVSHGGALSPRGDWRAPSDMSARIWLDQIDREVPKG,"[121, 414, 606, 635, 678]"
90,tr|I6Y0R1|,MMATYAIVKTGGKQYKVAVGDVVKVEKLESEQGEKVSLPVALVVDGATVTTDAKALAKVAVTGEVLGHTKGPKIRIHKFKNKTGYHKRQGHRQQLTVLKVTGIA,"[16, 24, 27, 58, 70, 99]"
91,tr|I6Y0S7|,MKSTVEQLSPTRVRINVEVPFAELEPDFQRAYKELAKQVRLPGFRPGKAPAKLLEARIGREAMLDQIVNDALPSRYGQAVAESDVQPLGRPNIEVTKKEYGQDLQFTAEVDIRPKISPPDLSALTVSVDPIEIGEDDVDAELQSLRTRFGTLTAVDRPVAVGDVVSIDLSATVDGEDIPNAAAEGLSHEVGSGRLIAGLDDAVVGLSADESRVFTAKLAAGEHAGQEAQVTVTVRSVKERELPEPDDEFAQLASEFDSIDELRASLSDQVRQAKRAQQAEQIRNATIDALLEQVDVPLPESYVQAQFDSVLHSALSGLNHDEARFNELLVEQGSSRAAFDAEARTASEKDVKRQLLLDALADELQVQVGQDDLTERLVTTSRQYGIEPQQLFGYLQERNQLPTMFADVRRELAIRAAVEAATVTDSDGNTIDTSEFFGKRVSAGEAEEAEPADEGAARAASDEATT,"[2, 33, 37, 48, 52, 97, 217, 349]"
92,tr|I6Y0U0|,MTIDPGAKQDVEAWTTFTASADIPDWISKAYIDSYRGPRDDSSEATKAAEASWLPASLLTPAMLGAHYRLGRHRAAGESCVAVYRADDPAGFGPALQVVAEHGGMLMDSVTVLLHRLGIAYAAILTPVFDVHRSPTGELLRIEPKAEGTSPHLGEAWMHVALSPAVDHKGLAEVERLLPKVLADVQRVATDATALIATLSELAGEVESNAGGRFSAPDRQDVGELLRWLGDGNFLLLGYQRCRVADGMVYGEGSSGMGVLRGRTGSRPRLTDDDKLLVLAQARVGSYLRYGAYPYAIAVREYVDGSVVEHRFVGLFSVAAMNADVLEIPTISRRVREALAMAESDPSHPGQLLLDVIQTVPRPELFTLSAQRLLTMARAVVDLGSQRQALLFLRADRLQYFVSCLVYMPRDRYTTAVRMQFEDILVREFGGTRLEFTARVSESPWALMHFMVRLPEVGVAGEGAAAPPVDVSEANRIRIQGLLTEAARTWADRLIGAAAAAGSVGQADAMHYAAAFSEAYKQAVTPADAIGDIAVITELTDDSVKLVFSERDEQGVAQLTWFLGGRTASLSQLLPMLQSMGVVVLEERPFSVTRPDGLPVWIYQFKISPHPTIPLAPTVAERAATAHRFAEAVTAIWHGRVEIDRFNELVMRAGLTWQQVVLLRAYAKYLRQAGFPYSQSYIESVLNEHPATVRSLVDLFEALFVPVPSGSASNRDAQAAAAAVAADIDALVSLDTDRILRAFASLVQATLRTNYFVTRQGSARCRDVLALKLNAQLIDELPLPRPRYEIFVYSPRVEGVHLRFGPVARGGLRWSDRRDDFRTEILGLVKAQAVKNAVIVPVGAKGGFVVKRPPLPTGDPAADRDATRAEGVACYQLFISGLLDVTDNVDHATASVNPPPEVVRRDGDDAYLVVAADKGTATFSDIANDVAKSYGFWLGDAFASGGSVGYDHKAMGITARGAWEAVKRHFREIGIDTQTQDFTVVGIGDMSGDVFGNGMLLSKHIRLIAAFDHRHIFLDPNPDAAVSWAERRRMFELPRSSWSDYDRSLISEGGGVYSREQKAIPLSAQVRAVLGIDGSVDGGAAEMAPPNLIRAILRAPVDLLFNGGIGTYIKAESESDADVGDRANDPVRVNANQVRAKVIGEGGNLGVTALGRVEFDLSGGRINTDALDNSAGVDCSDHEVNIKILIDSLVSAGTVKADERTQLLESMTDEVAQLVLADNEDQNDLMGTSRANAASLLPVHAMQIKYLVAERGVNRELEALPSEKEIARRSEAGIGLTSPELATLMAHVKLGLKEEVLATELPDQDVFASRLPRYFPTALRERFTPEIRSHQLRREIVTTMLINDLVDTAGITYAFRIAEDVGVTPIDAVRTYVATDAIFGVGHIWRRIRAANLPIALSDRLTLDTRRLIDRAGRWLLNYRPQPLAVGAEINRFAAMVKALTPRMSEWLRGDDKAIVEKTAAEFASQGVPEDLAYRVSTGLYRYSLLDIIDIADIADIDAAEVADTYFALMDRLGTDGLLTAVSQLPRHDRWHSLARLAIRDDIYGALRSLCFDVLAVGEPGESSEQKIAEWEHLSASRVARARRTLDDIRASGQKDLATLSVAARQIRRMTRTSGRGISG,"[180, 275, 668, 830, 835, 845, 851, 967, 1062, 1141, 1268, 1442, 1457, 1599]"
93,tr|P95029|,MTIHEHDRVSADRGGDSPHTTHALVDRLMAGEPYAVAFGGQGSAWLETLEELVSATGIETELATLVGEAELLLDPVTDELIVVRPIGFEPLQWVRALAAEDPVPSDKHLTSAAVSVPGVLLTQIAATRALARQGMDLVATPPVAMAGHSQGVLAVEALKAGGARDVELFALAQLIGAAGTLVARRRGISVLGDRPPMVSVTNADPERIGRLLDEFAQDVRTVLPPVLSIRNGRRAVVITGTPEQLSRFELYCRQISEKEEADRKNKVRGGDVFSPVFEPVQVEVGFHTPRLSDGIDIVAGWAEKAGLDVALARELADAILIRKVDWVDEITRVHAAGARWILDLGPGDILTRLTAPVIRGLGIGIVPAATRGGQRNLFTVGATPEVARAWSSYAPTVVRLPDGRVKLSTKFTRLTGRSPILLAGMTPTTVDAKIVAAAANAGHWAELAGGGQVTEEIFGNRIEQMAGLLEPGRTYQFNALFLDPYLWKLQVGGKRLVQKARQSGAAIDGVVISAGIPDLDEAVELIDELGDIGISHVVFKPGTIEQIRSVIRIATEVPTKPVIMHVEGGRAGGHHSWEDLDDLLLATYSELRSRANITVCVGGGIGTPRRAAEYLSGRWAQAYGFPLMPIDGILVGTAAMATKESTTSPSVKRMLVDTQGTDQWISAGKAQGGMASSRSQLGADIHEIDNSASRCGRLLDEVAGDAEAVAERRDEIIAAMAKTAKPYFGDVADMTYLQWLRRYVELAIGEGNSTADTASVGSPWLADTWRDRFEQMLQRAEARLHPQDFGPIQTLFTDAGLLDNPQQAIAALLARYPDAETVQLHPADVPFFVTLCKTLGKPVNFVPVIDQDVRRWWRSDSLWQAHDARYDADAVCIIPGTASVAGITRMDEPVGELLDRFEQAAIDEVLGAGVEPKDVASRRLGRADVAGPLAVVLDAPDVRWAGRTVTNPVHRIADPAEWQVHDGPENPRATHSSTGARLQTHGDDVALSVPVSGTWVDIRFTLPANTVDGGTPVIATEDATSAMRTVLAIAAGVDSPEFLPAVANGTATLTVDWHPERVADHTGVTATFGEPLAPSLTNVPDALVGPCWPAVFAAIGSAVTDTGEPVVEGLLSLVHLDHAARVVGQLPTVPAQLTVTATAANATDTDMGRVVPVSVVVTGADGAVIATLEERFAILGRTGSAELADPARAGGAVSANATDTPRRRRRDVTITAPVDMRPFAVVSGDHNPIHTDRAAALLAGLESPIVHGMWLSAAAQHAVTATDGQARPPARLVGWTARFLGMVRPGDEVDFRVERVGIDQGAEIVDVAARVGSDLVMSASARLAAPKTVYAFPGQGIQHKGMGMEVRARSKAARKVWDTADKFTRDTLGFSVLHVVRDNPTSIIASGVHYHHPDGVLYLTQFTQVAMATVAAAQVAEMREQGAFVEGAIACGHSVGEYTALACVTGIYQLEALLEMVFHRGSKMHDIVPRDELGRSNYRLAAIRPSQIDLDDADVPAFVAGIAESTGEFLEIVNFNLRGSQYAIAGTVRGLEALEAEVERRRELTGGRRSFILVPGIDVPFHSRVLRVGVAEFRRSLDRVMPRDADPDLIIGRYIPNLVPRLFTLDRDFIQEIRDLVPAEPLDEILADYDTWLRERPREMARTVFIELLAWQFASPVRWIETQDLLFIEEAAGGLGVERFVEIGVKSSPTVAGLATNTLKLPEYAHSTVEVLNAERDAAVLFATDTDPEPEPEEDEPVAESPAPDVVSEAAPVAPAASSAGPRPDDLVFDAADATLALIALSAKMRIDQIEELDSIESITDGASSRRNQLLVDLGSELNLGAIDGAAESDLAGLRSQVTKLARTYKPYGPVLSDAINDQLRTVLGPSGKRPGAIAERVKKTWELGEGWAKHVTVEVALGTREGSSVRGGAMGHLHEGALADAASVDKVIDAAVASVAARQGVSVALPSAGSGGGATIDAAALSEFTDQITGREGVLASAARLVLGQLGLDDPVNALPAAPDSELIDLVTAELGADWPRLVAPVFDPKKAVVFDDRWASAREDLVKLWLTDEGDIDADWPRLAERFEGAGHVVATQATWWQGKSLAAGRQIHASLYGRIAAGAENPEPGRYGGEVAVVTGASKGSIAASVVARLLDGGATVIATTSKLDEERLAFYRTLYRDHARYGAALWLVAANMASYSDVDALVEWIGTEQTESLGPQSIHIKDAQTPTLLFPFAAPRVVGDLSEAGSRAEMEMKVLLWAVQRLIGGLSTIGAERDIASRLHVVLPGSPNRGMFGGDGAYGEAKSALDAVVSRWHAESSWAARVSLAHALIGWTRGTGLMGHNDAIVAAVEEAGVTTYSTDEMAALLLDLCDAESKVAAARSPIKADLTGGLAEANLDMAELAAKAREQMSAAAAVDEDAEAPGAIAALPSPPRGFTPAPPPQWDDLDVDPADLVVIVGGAEIGPYGSSRTRFEMEVENELSAAGVLELAWTTGLIRWEDDPQPGWYDTESGEMVDESELVQRYHDAVVQRVGIREFVDDGAIDPDHASPLLVSVFLEKDFAFVVSSEADARAFVEFDPEHTVIRPVPDSTDWQVIRKAGTEIRVPRKTKLSRVVGGQIPTGFDPTVWGISADMAGSIDRLAVWNMVATVDAFLSSGFSPAEVMRYVHPSLVANTQGTGMGGGTSMQTMYHGNLLGRNKPNDIFQEVLPNIIAAHVVQSYVGSYGAMIHPVAACATAAVSVEEGVDKIRLGKAQLVVAGGLDDLTLEGIIGFGDMAATADTSMMCGRGIHDSKFSRPNDRRRLGFVEAQGGGTILLARGDLALRMGLPVLAVVAFAQSFGDGVHTSIPAPGLGALGAGRGGKDSPLARALAKLGVAADDVAVISKHDTSTLANDPNETELHERLADALGRSEGAPLFVVSQKSLTGHAKGGAAVFQMMGLCQILRDGVIPPNRSLDCVDDELAGSAHFVWVRDTLRLGGKFPLKAGMLTSLGFGHVSGLVALVHPQAFIASLDPAQRADYQRRADARLLAGQRRLASAIAGGAPMYQRPGDRRFDHHAPERPQEASMLLNPAARLGDGEAYIG,"[258, 323, 560, 652, 722, 1331, 1344, 1359, 1366, 1850, 1873, 1884, 2031, 2032, 2150, 2779, 2848, 2858, 2908, 2966]"
94,tr|I6Y100|,MSDRKPVRGRHQARKRAVALLFEAEVRGISAAEVVDTRAALAEAKPDIARLHPYTAAVARGVSEHAAHIDDLITAHLRGWTLDRLPAVDRAILRVSVWELLHAADVPEPVVVDEAVQLAKELSTDDSPGFVNGVLGQVMLVTPQLRAAAQAVRGGA,[45]
95,tr|I6Y1G8|,MTAQFDPADPTRFEEMYRDDRVAHGLPAATPWDIGGPQPVVQQLVALGAIRGEVLDPGTGPGHHAIYYAAKGYAATGIDGSVAAIERARDNARKAGVSVNFQVGDATTLDGLDGRFDTVVDCAFYHTFSTAPELQRCYVRALRRASKPGARLYMFEFGEHNVNGFSMPRSLSEDDFRQVLPVGGWEITYLGTTTYQVNLSVEALELMAARNPDMADQVRCVLERFRAIKPWLVGGRVHAPFWEVHATRVD,[229]
96,tr|I6Y1L2|,MANPFVKAWKYLMALFSSKIDEHADPKVQIQQAIEEAQRTHQALTQQAAQVIGNQRQLEMRLNRQLADIEKLQVNVRQALTLADQATAAGDAAKATEYNNAAEAFAAQLVTAEQSVEDLKTLHDQALSAAAQAKKAVERNAMVLQQKIAERTKLLSQLEQAKMQEQVSASLRSMSELAAPGNTPSLDEVRDKIERRYANAIGSAELAESSVQGRMLEVEQAGIQMAGHSRLEQIRASMRGEALPAGGTTATPRPATETSGGAIAEQPYGQ,"[71, 134, 147]"
97,tr|I6Y1M2|,MAETAPLRVQLIAKTDFLAPPDVPWTTDADGGPALVEFAGRACYQSWSKPNPKTATNAGYLRHIIDVGHFSVLEHASVSFYITGISRSCTHELIRHRHFSYSQLSQRYVPEKDSRVVVPPGMEDDADLRHILTEAADAARATYSELLAKLEAKFADQPNAILRRKQARQAARAVLPNATETRIVVTGNYRAWRHFIAMRASEHADVEIRRLAIECLRQLAAVAPAVFADFEVTTLADGTEVATSPLATEA,"[14, 49, 53, 112, 149, 153]"
98,tr|I6Y1U7|,MAAGKARVHELAKELGVTSKEVLARLSEQGEFVKSASSTVEAPVARRLRESFGGSKPAPAKGTAKSPGKGPDKSLDKALDAAIDMAAGNGKATAAPAKAADSGGAAIVSPTTPAAPEPPTAVPPSPQAPHPGMAPGARPGPVPKPGIRTPRVGNNPFSSAQPADRPIPRPPAPRPGTARPGVPRPGASPGSMPPRPGGAVGGARPPRPGAPRPGGRPGAPGAGRSDAGGGNYRGGGVGAAPGTGFRGRPGGGGGGRPGQRGGAAGAFGRPGGAPRRGRKSKRQKRQEYDSMQAPVVGGVRLPHGNGETIRLARGASLSDFADKIDANPAALVQALFNLGEMVTATQSVGDETLELLGSEMNYNVQVVSPEDEDRELLESFDLSYGEDEGGEEDLQVRPPVVTVMGHVDHGKTRLLDTIRKANVREAEAGGITQHIGAYQVAVDLDGSQRLITFIDTPGHEAFTAMRARGAKATDIAILVVAADDGVMPQTVEAINHAQAADVPIVVAVNKIDKEGADPAKIRGQLTEYGLVPEEFGGDTMFVDISAKQGTNIEALEEAVLLTADAALDLRANPDMEAQGVAIEAHLDRGRGPVATVLVQRGTLRVGDSVVAGDAYGRVRRMVDEHGEDVEVALPSRPVQVIGFTSVPGAGDNFLVVDEDRIARQIADRRSARKRNALAARSRKRISLEDLDSALKETSQLNLILKGDNAGTVEALEEALMGIQVDDEVVLRVIDRGVGGITETNVNLASASDAVIIGFNVRAEGKATELASREGVEIRYYSVIYQAIDEIEQALRGLLKPIYEENQLGRAEIRALFRSSKVGLIAGCLVTSGVMRRNAKARLLRDNIVVAENLSIASLRREKDDVTEVRDGFECGLTLGYADIKEGDVIESYELVQKERA,"[5, 13, 20, 56, 91, 411, 471, 513, 520, 765, 799, 862]"
99,tr|I6Y1Y2|,MIDEALFDAEEKMEKAVAVARDDLSTIRTGRANPGMFSRITIDYYGAATPITQLASINVPEARLVVIKPYEANQLRAIETAIRNSDLGVNPTNDGALIRVAVPQLTEERRRELVKQAKHKGEEAKVSVRNIRRKAMEELHRIRKEGEAGEDEVGRAEKDLDKTTHQYVTQIDELVKHKEGELLEV,"[68, 144]"
100,tr|I6Y1Z6|,MSAEDLEKYETEMELSLYREYKDIVGQFSYVVETERRFYLANSVEMVPRNTDGEVYFELRLADAWVWDMYRPARFVKQVRVVTFKDVNIEEVEKPELRLPE,"[22, 85, 94]"
101,tr|I6Y228|,MSIPENAIAVVGMAGRFPGAKDVSAFWSNLRRGKESIVTLSEQELRDAGVSDKTLADPAYVRRAPLLDGIDEFDAGFFGFPPLAAQVLDPQHRLFLQCAWHALEDAGADPARFDGSIGVYGTSSPSGYLLHNLLSHRDPNAVLAEGLNFDQFSLFLQNDKDFLATRISHAFNLRGPSIAVQTACSSSLVAVHLACLSLLSGECDMALAGGSSLCIPHRVGYFTSPGSMVSAVGHCRPFDVRADGTVFGSGVGLVVLKPLAAAIDAGDRIHAVIRGSAINNDGSAKMGYAAPNPAAQADVIAEAHAVSGIDSSTVSYVECHGTGTPLGDPIEIQGLRAAFEVSQTSRSAPCVLGSVKSNIGHLEVAAGIAGLIKTILCLKNKALPATLHYTSPNPELRLDQSPFVVQSKYGPWECDGVRRAGVSSFGVGGTNAHVVLEEAPAEASEVSAHAEPAGPQVILLSAQTAAALGESRTALAAALETQDGPRLSDVAYTLARRRKHNVTMAAVVHDREHAATVLRAAEHDNVFVGEAAHDGEHGDRADAAPTSDRVVFLFPGQGAQHVGMAKGLYDTEPVFAQHFDTCAAGFRDETGIDLHAEVFDGTATDLERIDRSQPALFTVEYALAKLVDTFGVRAGAYIGYSTGEYIAATLAGVFDLQTAIKTVSLRARLMHESPPGAMVAVALGPDDVTQYLPPEVELSAVNDPGNCVVAGPKDQIRALRQRLTEAGIPVRRVRATHAFHTSAMDPMLGQFQEFLSRQQLRPPRTPLLSNLTGSWMSDQQVVDPASWTRQISSPIRFADELDVVLAAPSRILVEVGPGGSLTGSAMRHPKWSTTHRTVRLMRHPLQDVDDRDTFLRALGELWSAGVEVDWTPRRPAVPHLVSLPGYPFARQRHWVEPNHTVWAQAPGANNGSPAGTADGSTAATVDAARNGESQTEVTLQRIWSQCLGVSSVDRNANFFDLGGDSLMAISIAMAAANEGLTITPQDLYEYPTLASLTAAVDASFASSGLAKPPEAQANPAVPPNVTYFLDRGLRDTGRCRVPLILRLDPKIGLPDIRAVLTAVVNHHDALRLHLVGNDGIWEQHIAAPAEFTGLSNRSVPNGVAAGSPEERAAVLGILAELLEDQTDPNAPLAAVHIAAAHGGPHYLCLAIHAMVTDDSSRQILATDIVTAFGQRLAGEEITLEPVSTGWREWSLRCAALATHPAALDTRSYWIENSTKATLWLADALPNAHTAHPPRADELTKLSSTLSVEQTSELDDGRRRFRRSIQTILLAALGRTIAQTVGEGVVAVELEGEGRSVLRPDVDLRRTVGWFTTYYPVPLACATGLGALAQLDAVHNTLKSVPHYGIGYGLLRYVYAPTGRVLGAQRTPDIHFRYAGVIPELPSGDAPVQFDSDMTLPVREPIPGMGHAIELRVYRFGGSLHLDWWYDTRRIPAATAEALERTFPLALSALIQEAIAAEHTEHDDSEIVGEPEAGALVDLSSMDAG,"[21, 34, 53, 379, 1050]"
102,tr|I6Y239|,MGGLRFGFVDALVHSRLPPTLPARSSMAAATVMGADSYWVGDHLNALVPRSIATSEYLGIAAKFVPKIDANYEPWTMLGNLAFGLPSRLRLGVCVTDAGRRNPAVTAQAAATLHLLTRGRAILGIGVGEREGNEPYGVEWTKPVARFEEALATIRALWNSNGELISRESPYFPLHNALFDLPPYRGKWPEIWVAAHGPRMLRATGRYADAWIPIVVVRPSDYSRALEAVRSAASDAGRDPMSITPAAVRGIITGRNRDDVEEALESVVVKMTALGVPGEAWARHGVEHPMGADFSGVQDIIPQTMDKQTVLSYAAKVPAALMKEVVFSGTPDEVIDQVAEWRDHGLRYVVLINGSLVNPSLRKTVTAVLPHAKVLRGLKKL,"[142, 187, 316, 373]"
103,tr|I6Y250|,MTGAVCPGSFDPVTLGHVDIFERAAAQFDEVVVAILVNPAKTGMFDLDERIAMVKESTTHLPNLRVQVGHGLVVDFVRSCGMTAIVKGLRTGTDFEYELQMAQMNKHIAGVDTFFVATAPRYSFVSSSLAKEVAMLGGDVSELLPEPVNRRLRDRLNTERT,[55]
104,tr|I6Y298|,MTDIIRSDAATLAAKIAIKEVSSAEITRACLDQIEATDETYHAFLHVAADEALAAAAAIDKQVAAGEPLPSALAGVPLALKDVFTTSDMPTTCGSKILEGWRSPYDATLTARLRAAGIPILGKTNMDEFAMGSSTENSAYGPTRNPWNLDRVPGGSGGGSAAALAAFQAPLAIGSDTGGSIRQPAALTATVGVKPTYGTVSRYGLVACASSLDQGGPCARTVLDTALLHQVIAGHDPRDSTSVDAEVPDVVGAARAGAVGDLRGVRVGVVRQLHGGEGYQPGVLASFEAAVEQLTALGAEVSEVDCPHFDHALAAYYLILPSEVSSNLARFDAMRYGLRVGDDGTRSAEEVMAMTRAAGFGPEVKRRIMIGTYALSAGYYDAYYNQAQKVRTLIARDLDAAYRSVDVLVSPTTPTTAFRLGEKVDDPLAMYLFDLCTLPLNLAGHCGMSVPSGLSPDDGLPVGLQIMAPALADDRLYRVGAAYEAARGPLLSAI,"[15, 19, 194, 365]"
105,gi|15609229|,MTELAELDRFTAELPFSLDDFQQRACSALERGHGVLVCAPTGAGKTVVGEFAVHLALAAGSKCFYTTPLKALSNQKHTDLTARYGRDQIGLLTGDLSVNGNAPVVVMTTEVLRNMLYADSPALQGLSYVVMDEVHFLADRMRGPVWEEVILQLPDDVRVVSLSATVSNAEEFGGWIQTVRGDTTVVVDEHRPVPLWQHVLVGKRMFDLFDYRIGEAEGQPQVNRELLRHIAHRREADRMADWQPRRRGSGRPGFYRPPGRPEVIAKLDAEGLLPAITFVFSRAGCDAAVTQCLRSPLRLTSEEERARIAEVIDHRCGDLADSDLAVLGYYEWREGLLRGLAAHHAGMLPAFRHTVEELFTAGLVKAVFATETLALGINMPARTVVLERLVKFNGEQHMPLTPGEYTQLTGRAGRRGIDVEGHAVVIWHPEIEPSEVAGLASTRTFPLRSSFAPSYNMTINLVHRMGPQQAHRLLEQSFAQYQADRSVVGLVRGIERGNRILGEIAAELGGSDAPILEYARLRARVSELERAQARASRLQRRQAATDALAALRRGDIITITHGRRGGLAVVLESARDRDDPRPLVLTEHRWAGRISSADYSGTTPVGSMTLPKRVEHRQPRVRRDLASALRSAAAGLVIPAARRVSEAGGFHDPELESSREQLRRHPVHTSPGLEDQIRQAERYLRIERDNAQLERKVAAATNSLARTFDRFVGLLTEREFIDGPATDPVVTDDGRLLARIYSESDLLVAECLRTGAWEGLKPAELAGVVSAVVYETRGGDGQGAPFGADVPTPRLRQALTQTSRLSTTLRADEQAHRITPSREPDDGFVRVIYRWSRTGDLAAALAAADVNGSGSPLLAGDFVRWCRQVLDLLDQVRNAAPNPELRATAKRAIGDIRRGVVAVDAG,"[76, 203, 890]"
106,gi|15609376|,MPIATVCTWPAETEGGSTVVAADHASNYARKLGIQRDQLIQEWGWDEDTDDDIRAAIEEACGGELLDEDTDEVIDVVLLWWRDGDGDLVDTLMDAIGPLAEDGVIWVVTPKTGQPGHVLPAEIAEAAPTAGLMPTSSVNLGNWSASRLVQPKSRAGKR,[]
107,sp|YER125W|,MPSSISVKLVAAESLYKRDVFRSPDPFAVLTIDGYQTKSTSAAKKTLNPYWNETFKFDDINENSILTIQVFDQKKFKKKDQGFLGVVNVRVGDVLGHLDEDTATSSGRPREETITRDLKKSNDGMAVSGRLIVVLSKLPSSSPHSQAPSGHTASSSTNTSSTTRTNGHSTSSTRNHSTSHPSRGTAQAVESTLQSGTTAATNTATTSHRSTNSTSSATRQYSSFEDQYGRLPPGWERRTDNFGRTYYVDHNTRTTTWKRPTLDQTEAERGNQLNANTELERRQHRGRTLPGGSSDNSSVTVQVGGGSNIPPVNGAAAAAFAATGGTTSGLGELPSGWEQRFTPEGRAYFVDHNTRTTTWVDPRRQQYIRTYGPTNTTIQQQPVSQLGPLPSGWEMRLTNTARVYFVDHNTKTTTWDDPRLPSSLDQNVPQYKRDFRRKVIYFRSQPALRILPGQCHIKVRRKNIFEDAYQEIMRQTPEDLKKRLMIKFDGEEGLDYGGVSREFFFLLSHEMFNPFYCLFEYSAYDNYTIQINPNSGINPEHLNYFKFIGRVVGLGVFHRRFLDAFFVGALYKMMLRKKVVLQDMEGVDAEVYNSLNWMLENSIDGVLDLTFSADDERFGEVVTVDLKPDGRNIEVTDGNKKEYVELYTQWRIVDRVQEQFKAFMDGFNELIPEDLVTVFDERELELLIGGIAEIDIEDWKKHTDYRGYQESDEVIQWFWKCVSEWDNEQRARLLQFTTGTSRIPVNGFKDLQGSDGPRRFTIEKAGEVQQLPKSHTCFNRVDLPQYVDYDSMKQKLTLAVEETIGFGQE,"[17, 258, 411, 432, 458, 462, 481, 487, 627, 640, 641, 749, 764, 793]"
108,sp|YGL189C|,MPKKRASNGRNKKGRGHVKPVRCVNCSKSIPKDKAIKRMAIRNIVEAAAVRDLSEASVYPEYALPKTYNKLHYCVSCAIHARIVRVRSREDRKNRAPPQRPRFNRENKVSPADAAKKAL,"[28, 32, 108, 116]"
109,sp|YER134C|,MTGYPDVAAFDLDYTIWPCYCDTHLHGPFKPVKSSNGEVLTIICRDGYELTIYKDIPRILGDLKDNGVKLMTASRTWAPEIAQEILKIFKVKYAGVVTPLANLFDEFQWGERSKIGHLRDGLKDLYNTSDLKSKKICLFDDESRNKEVEKYGVKFVYVRDPENGPSWKLYQDYLSGKV,"[54, 64, 69, 123, 132, 150, 154]"
110,sp|YCR028C-A|,MFLRTQARFFHATTKKMDFSKMSIVGRIGSEFTEHTSANNNRYLKYSIASQPRRDGQTNWYNITVFNEPQINFLTEYVRKGALVYVEADAANYVFERDDGSKGTTLSLVQKDINLLKNGKKLEDAEGQENAASSE,"[15, 21, 45, 111, 117]"
111,sp|YFL004W|,MLFGVKLANEVYPPWKGSYINYEGLKKFLKEDSVKDGSNDKKARWDDSDESKFVEELDKELEKVYGFQLKKYNNLMERLSHLEKQTDTEAAIKALDADAFQRVLEELLSESTELDNFKRLNFTGFAKIVKKHDKLYPKYPSVKSLLEVRLKELPSHSEEYSPLLYRISFLYNILRSNFNTASEPLASASKFSSIVSNDIDMNFRSFKFWVHNDNLMEVKTRILRHLPVLVYANVPSENDDLVNRFESDISNNDEIVGSSSSTSSVEHGLGARSFDPLINTLYFDNEHFELYNDKLLKLNSAPTLRLRWTGQLSDKPDIFLEKKTLIEDEATGKSEFDLTKLQLKQKFINGFIFEGDKKFKEQTLKKLKESGTAGRDLERLEEDFSEIQNFIIKNELQPVFRTVYTRTAFQIPGDDKIRVTIDSNIVFIKEDSFDRERPIRDPNTWHRTDIDANVANPLKFLRGGEYAKFPYSVMEIKVKSSLDSSMSASSMISNVKLPKKHGQWLNDLTNSHLVKEIPKFSIFVQGVASLYGDDEKLDILPFWLPDLETDIRQDPKQAYEEEKKKLLKQKEIQKKIDGMRRLSNLKEPQHQAAVPVSQEENERITSQGDLEADGSSDEETEQEPHSKRSKKVRRRKPKATFLRILAGRDPKLMGVDSEEEEIELPPGVKKPLNLLKNAGPVNVEAKVWLANERTFNRWLSVTSLLSVLTFSIYNSVKKAEYPTLANYMAYVYFGLTIFCALWSYSIYMKRVDIIQQRSGQHLDAPLGPVLVSIVLFVTLVVNFVMAFRNAAKSRQELQIQNLEVPERIPEVLRPLQNYLFKLMGPSSD,"[26, 30, 35, 70, 84, 127, 134, 138, 143, 207, 219, 297, 315, 322, 340, 357, 365, 416, 459, 468, 563, 586, 676, 821]"
112,sp|YFL014W|,MSDAGRKGFGEKASEALKPDSQKSYAEQGKEYITDKADKVAGKVQPEDNKGVFQGVHDSAEKGKDNAEGQGESLADQARDYMGAAKSKLNDAVEYVSGRVHGEEDPTKK,"[12, 23, 30, 36, 43, 50, 86, 88]"
113,sp|YFL016C|,MAFQQGVLSRCSGVFRHHVGHSRHINNILYRHAIAFASIAPRIPKSSFHTSAIRNNEAFKDPYDTLGLKKSATGAEIKKAYYKLAKKYHPDINKEPDAEKKFHDLQNAYEILSDETKRQQYDQFGPAAFGGGGAAGGAGGGSGSPFGSQFHDFSGFTSAGGSPFGGINFEDLFGAAFGGGGRGSGGASRSSSMFRQYRGDPIEIVHKVSFKDAVFGSKNVQLRFSALDPCSTCSGTGMKPNTHKVSCSTCHGTGTTVHIRGGFQMMSTCPTCNGEGTMKRPQDNCTKCHGEGVQVNRAKTITVDLPHGLQDGDVVRIPGQGSYPDIAVEADLKDSVKLSRGDILVRIRVDKDPNFSIKNKYDIWYDKEIPITTAALGGTVTIPTVEGQKIRIKVAPGTQYNQVISIPNMGVPKTSTIRGDMKVQYKIVVKKPQSLAEKCLWEALADVTNDDMAKKTMQPGTAAGTAINEEILKKQKQEEEKHAKKDDDNTLKRLENFITNTFRKIKGDKKN,"[45, 60, 69, 78, 94, 207, 211, 218, 351, 358, 360, 426, 430, 473, 492]"
114,sp|YFL022C|,MSDFQLEILKKLDELDEIKSTLATFPQHGSQDVLSALNSLKAHNKLEFSKVDTVTYDLTKEGAQILNEGSYEIKLVKLIQELGQLQIKDVMSKLGPQVGKVGQARAFKNGWIAKNASNELELSAKLQNTDLNELTDETQSILAQIKNNSHLDSIDAKILNDLKKRKLIAQGKITDFNVTKGPEFSTDLTKLETDLTSDMVSTNAYKDLKFKPYNFNSQGVQISSGALHPLNKVREEFRQIFFSMGFTEMPSNQYVETGFWNFDALYVPQQHPARDLQDTFYIKDPLTADLPDDKTYMDNIKAVHEQGRFGSIGYRYNWKPEECQKLVLRTHSTAISARMLHDLAKDPKPTRLFSIDRVFRNEAVDATHLAEFHQVEGVLADYNITLGDLIKFMEEFFERMGVTGLRFKPTYNPYTEPSMEIFSWHEGLQKWVEIGNSGMFRPEMLESMGLPKDLRVLGWGLSLERPTMIKYKVQNIRELLGHKVSLDFIETNPAARLDEDLYE,"[45, 50, 88, 93, 100, 108, 114, 157, 163, 172, 180, 206, 283, 301, 319, 325, 345, 348, 452, 472]"
115,sp|YFL045C|,MSIAEFAYKEKPETLVLFDVDGTLTPARLTVSEEVRKTLAKLRNKCCIGFVGGSDLSKQLEQLGPNVLDEFDYSFSENGLTAYRLGKELASQSFINWLGEEKYNKLAVFILRYLSEIDLPKRRGTFLEFRNGMINVSPIGRNASTEERNEFERYDKEHQIRAKFVEALKKEFPDYGLTFSIGGQISFDVFPAGWDKTYCLQHVEKDGFKEIHFFGDKTMVGGNDYEIFVDERTIGHSVQSPDDTVKILTELFNL,"[121, 163, 169, 205, 209]"
116,sp|YFL048C|,MMMLITMKSTVLLSVFTVLATWAGLLEAHPLGDTSDASKLSSDYSLPDLINARKVPNNWQTGEQASLEEGRIVLTSKQNSKGSLWLKQGFDLKDSFTMEWTFRSVGYSGQTDGGISFWFVQDSNVPRDKQLYNGPVNYDGLQLLVDNNGPLGPTLRGQLNDGQKPVDKTKIYDQSFASCLMGYQDSSVPSTIRVTYDLEDDNLLKVQVDNKVCFQTRKVRFPSGSYRIGVTAQNGAVNNNAESFEIFKMQFFNGVIEDSLIPNVNAMGQPKLITKYIDQQTGKEKLIEKTAFDADKDKITNYELYKKLDRVEGKILANDINALETKLNDVIKVQQELLSFMTTITKQLSSKPPANNEKGTSTDDAIAEDKENFKDFLSINQKLEKVLVEQEKYREATKRHGQDGPQVDEIARKLMIWLLPLIFIMLVMAYYTFRIRQEIIKTKLL,"[77, 81, 87, 164, 275, 283, 289, 296, 306, 351, 358, 374]"
117,sp|YFR009W|,MASIGSQVRKAASSIDPIVTDYAVGYFNHLSGITFDAVQSKQVDLSTEVQFVSDLLIDAGASKAKVKELSESILKQLTTQLKENEAKLELTGDTSKRLLDINVLKSHNSKSDINVSLSMLGVNGDIEHTGRKMETRVDLKKLAKAEQKIAKKVAKRNNKFVKYEASKLINDQKEEDYDSFFLQINPLEFGSSAGKSKDIHIDTFDLYVGDGQRILSNAQLTLSFGHRYGLVGQNGIGKSTLLRALSRRELNVPKHVSILHVEQELRGDDTKALQSVLDADVWRKQLLSEEAKINERLKEMDVLRQEFEEDSLEVKKLDNEREDLDNHLIQISDKLVDMESDKAEARAASILYGLGFSTEAQQQPTNSFSGGWRMRLSLARALFCQPDLLLLDEPSNMLDVPSIAYLAEYLKTYPNTVLTVSHDRAFLNEVATDIIYQHNERLDYYRGQDFDTFYTTKEERRKNAQREYDNQMVYRKHLQEFIDKYRYNAAKSQEAQSRIKKLEKLPVLEPPEQDKTIDFKFPECDKLSPPIIQLQDVSFGYDENNLLLKDVNLDVQMDSRIALVGANGCGKTTLLKIMMEQLRPLKGFVSRNPRLRIGYFTQHHVDSMDLTTSAVDWMSKSFPGKTDEEYRRHLGSFGITGTLGLQKMQLLSGGQKSRVAFAALCLNNPHILVLDEPSNHLDTTGLDALVEALKNFNGGVLMVSHDISVIDSVCKEIWVSEQGTVKRFEGTIYDYRDYILQSADAAGVVKKH,"[67, 82, 87, 96, 105, 140, 162, 167, 238, 292, 342, 457, 484, 491, 576, 586, 625, 656, 726, 750]"
118,sp|YFR010W|,MSGETFEFNIRHSGKVYPITLSTDATSADLKSKAEELTQVPSARQKYMVKGGLSGEESIKIYPLIKPGSTVMLLGTPDANLISKPAKKNNFIEDLAPEQQVQQFAQLPVGFKNMGNTCYLNATLQALYRVNDLRDMILNYNPSQGVSNSGAQDEEIHKQIVIEMKRCFENLQNKSFKSVLPIVLLNTLRKCYPQFAERDSQGGFYKQQDAEELFTQLFHSMSIVFGDKFSEDFRIQFKTTIKDTANDNDITVKENESDSKLQCHISGTTNFMRNGLLEGLNEKIEKRSDLTGANSIYSVEKKISRLPKFLTVQYVRFFWKRSTNKKSKILRKVVFPFQLDVADMLTPEYAAEKVKVRDELRKVEKEKNEKEREIKRRKFDPSSSENVMTPREQYETQVALNESEKDQWLEEYKKHFPPNLEKGENPSCVYNLIGVITHQGANSESGHYQAFIRDELDENKWYKFNDDKVSVVEKEKIESLAGGGESDSALILMYKGFGL,"[50, 165, 174, 238, 242, 253, 283, 301, 308, 413, 460, 463, 468]"
119,sp|YFR032C-A|,MAKSKNHTAHNQTRKAHRNGIKKPKTYKYPSLKGVDPKFRRNHKHALHGTAKALAAAKK,"[28, 33, 44, 52, 58]"
120,sp|YKL157W|,MPIVRWLLLKSAVRGSSLIGKAHPCLRSIAAHPRYLSNVYSPPAGVSRSLRINVMWKQSKLTPPRFVKIMNRRPLFTETSHACAKCQKTSQLLNKTPNREILPDNVVPLHYDLTVEPDFKTFKFEGSVKIELKINNPAIDTVTLNTVDTDIHSAKIGDVTSSEIISEEEQQVTTFAFPKGTMSSFKGNAFLDIKFTGILNDNMAGFYRAKYEDKLTGETKYMATTQMEPTDARRAFPCFDEPNLKASFAITLVSDPSLTHLSNMDVKNEYVKDGKKVTLFNTTPKMSTYLVAFIVAELKYVESKNFRIPVRVYATPGNEKHGQFAADLTAKTLAFFEKTFGIQYPLPKMDNVAVHEFSAGAMENWGLVTYRVVDLLLDKDNSTLDRIQRVAEVVQHELAHQWFGNLVTMDWWEGLWLNEGFATWMSWYSCNEFQPEWKVWEQYVTDTLQHALSLDSLRSSHPIEVPVKKADEINQIFDAISYSKGASLLRMISKWLGEETFIKGVSQYLNKFKYGNAKTEDLWDALADASGKDVRSVMNIWTKKVGFPVISVSEDGNGKITFRQNRYLSTADVKPDEDKTIYPVFLALKTKNGVDSSVVLSERSKTIELEDPTFFKVNSEQSGIYITSYTDERWAKLGQQADLLSVEDRVGLVADVKTLSASGYTSTTNFLNLVSKWNNEKSFVVWDQIINSISSMKSTWLFEPKETQDALDNFTKQLISGMTHHLGWEFKSSDSFSTQRLKVTMFGAACAARDADVEKAALKMFTDYCSGNKEAIPALIKPIVFNTVARVGGAENYEKVYKIYLDPISNDEKLAALRSLGRFKEPKLLERTLGYLFDGTVLNQDIYIPMQGMRAHQEGVEALWNWVKKNWDELVKRLPPGLSMLGSVVTLGTSGFTSMQKIDEIKKFFATKSTKGFDQSLAQSLDTITSKAQWVNRDRDVVNKYLKENGYY,"[10, 57, 123, 129, 210, 214, 272, 320, 379, 468, 511, 532, 543, 574, 589, 759, 799, 802, 813, 876, 906, 907, 912, 947]"
121,sp|YFR052W|,MPSLAELTKSLSIAFENGDYAACEKLLPPIKIELIKNNLLIPDLSIQNDIYLNDLMITKRILEVGALASIQTFNFDSFENYFNQLKPYYFSNNHKLSESDKKSKLISLYLLNLLSQNNTTKFHSELQYLDKHIKNLEDDSLLSYPIKLDRWLMEGSYQKAWDLLQSGSQNISEFDSFTDILKSAIRDEIAKNTELSYDFLPLSNIKALLFFNNEKETEKFALERNWPIVNSKVYFNNQSKEKADYEDEMMHEEDQKTNIIEKAMDYAISIENIV,"[31, 95, 101, 215, 219, 240]"
122,sp|YGL008C|,MTDTSSSSSSSSASSVSAHQPTQEKPAKTYDDAASESSDDDDIDALIEELQSNHGVDDEDSDNDGPVAAGEARPVPEEYLQTDPSYGLTSDEVLKRRKKYGLNQMADEKESLVVKFVMFFVGPIQFVMEAAAILAAGLSDWVDFGVICGLLMLNAGVGFVQEFQAGSIVDELKKTLANTAVVIRDGQLVEIPANEVVPGDILQLEDGTVIPTDGRIVTEDCFLQIDQSAITGESLAVDKHYGDQTFSSSTVKRGEGFMVVTATGDNTFVGRAAALVNKAAGGQGHFTEVLNGIGIILLVLVIATLLLVWTACFYRTNGIVRILRYTLGITIIGVPVGLPAVVTTTMAVGAAYLAKKQAIVQKLSAIESLAGVEILCSDKTGTLTKNKLSLHEPYTVEGVSPDDLMLTACLAASRKKKGLDAIDKAFLKSLKQYPKAKDALTKYKVLEFHPFDPVSKKVTAVVESPEGERIVCVKGAPLFVLKTVEEDHPIPEDVHENYENKVAELASRGFRALGVARKRGEGHWEILGVMPCMDPPRDDTAQTVSEARHLGLRVKMLTGDAVGIAKETCRQLGLGTNIYNAERLGLGGGGDMPGSELADFVENADGFAEVFPQHKYRVVEILQNRGYLVAMTGDGVNDAPSLKKADTGIAVEGATDAARSAADIVFLAPGLSAIIDALKTSRQIFHRMYSYVVYRIALSLHLEIFLGLWIAILDNSLDIDLIVFIAIFADVATLAIAYDNAPYSPKPVKWNLPRLWGMSIILGIVLAIGSWITLTTMFLPKGGIIQNFGAMNGIMFLQISLTENWLIFITRAAGPFWSSIPSWQLAGAVFAVDIIATMFTLFGWWSENWTDIVTVVRVWIWSIGIFCVLGGFYYEMSTSEAFDRLMNGKPMKEKKSTRSVEDFMAAMQRVSTQHEKET,"[95, 252, 278, 355, 424, 428, 431, 437, 444, 456, 555, 566, 643, 749, 916]"
123,gi|15609521|,MPPKAADGRRPSPDGGLGGFVPFPADRAASYRAAGYWSGRTLDTVLSDAARRWPDRLAVADAGDRPGHGGLSYAELDQRADRAAAALHGLGITPGDRVLLQLPNGCQFAVALFALLRAGAIPVMCLPGHRAAELGHFAAVSAATGLVVADVASGFDYRPMARELVADHPTLRHVIVDGDPGPFVSWAQLCAQAGTGSPAPPADPGSPALLLVSGGTTGMPKLIPRTHDDYVFNATASAALCRLSADDVYLVVLAAGHNFPLACPGLLGAMTVGATAVFAPDPSPEAAFAAIERHGVTVTALVPALAKLWAQSCEWEPVTPKSLRLLQVGGSKLEPEDARRVRTALTPGLQQVFGMAEGLLNFTRIGDPPEVVEHTQGRPLCPADELRIVNADGEPVGPGEEGELLVRGPYTLNGYFAAERDNERCFDPDGFYRSGDLVRRRDDGNLVVTGRVKDVICRAGETIAASDLEEQLLSHPAIFSAAAVGLPDQYLGEKICAAVVFAGAPITLAELNGYLDRRGVAAHTRPDQLVAMPALPTTPIGKIDKRAIVRQLGIATGPVTTQRCH,"[332, 453, 542]"
